<?xml version="1.0" encoding="UTF-8" ?>

<routes xmlns="http://symfony.com/schema/routing"
        xmlns:xsi="http://www.w3.org/2001/XMLSchema-instance"
        xsi:schemaLocation="http://symfony.com/schema/routing http://symfony.com/schema/routing/routing-1.0.xsd">

    <route id="lstcommune_search_by_nom" path="/lstcommune/lstcommunes.{_format}">
        <default key="_controller">OruAddressBundle:LstCommune:searchLstCommunes</default>
        <default key="_format">json</default>
        <requirement key="_format">json</requirement>
        <requirement key="_method">get</requirement>
    </route>

    <route id="lstcommune_by_ids" path="/lstcommune/ids/{_ids}.{_format}">
        <default key="_controller">OruAddressBundle:LstCommune:getLstCommunesByIds</default>
        <default key="_format">json</default>
        <requirement key="_format">json</requirement>
        <requirement key="_method">get</requirement>
    </route>

    <route id="lstcodepostal_search_by_nom" path="/lstcodepostal/lstcodepostal.{_format}">
        <default key="_controller">OruAddressBundle:LstCodePostal:searchLstCodePostal</default>
        <default key="_format">json</default>
        <requirement key="_format">json</requirement>
        <requirement key="_method">get</requirement>
    </route>

    <route id="lstcodepostal_by_ids" path="/lstcodepostal/ids/{_ids}.{_format}">
        <default key="_controller">OruAddressBundle:LstCodePostal:getLstCodePostalByIds</default>
        <default key="_format">json</default>
        <requirement key="_format">json</requirement>
        <requirement key="_method">get</requirement>
    </route>

    <route id="lstdepartement_search_by_nom" path="/lstdepartement/lstdepartements.{_format}">
        <default key="_controller">OruAddressBundle:LstDepartement:searchLstDepartement</default>
        <default key="_format">json</default>
        <requirement key="_format">json</requirement>
        <requirement key="_method">get</requirement>
    </route>

    <route id="lstdepartement_by_ids" path="/lstdepartement/ids/{_ids}.{_format}">
        <default key="_controller">OruAddressBundle:LstDepartement:getLstDepartementsByIds</default>
        <default key="_format">json</default>
        <requirement key="_format">json</requirement>
        <requirement key="_method">get</requirement>
    </route>

    <route id="zone_geographique_structure" path="/zone_geographique/structure.{_format}">
        <default key="_controller">OruAddressBundle:ZoneGeographiqueRest:zone_geographique_structure</default>
        <default key="_format">json</default>
        <requirement key="_format">json</requirement>
        <requirement key="_method">get</requirement>
        <option key="expose">true</option>
    </route>

    <route id="zone_geographique_communes" path="/zone_geographique/communes/{departement}/.{_format}">
        <default key="_controller">OruAddressBundle:ZoneGeographiqueRest:zone_geographique_communes</default>
        <default key="_format">json</default>
        <requirement key="_format">json</requirement>
        <requirement key="_method">get</requirement>
        <option key="expose">true</option>
    </route>

    <route id="zone_geographique_quartiers" path="/zone_geographique/quartiers/{commune}/.{_format}">
        <default key="_controller">OruAddressBundle:ZoneGeographiqueRest:zone_geographique_quartiers</default>
        <default key="_format">json</default>
        <requirement key="_format">json</requirement>
        <requirement key="_method">get</requirement>
        <option key="expose">true</option>
    </route>

    <route id="zonegeographique_search_by_nom" path="/zonegeographique/search/">
        <default key="_controller">OruAddressBundle:ZoneGeographique:searchLstZoneGeographique</default>
        <requirement key="_method">get</requirement>
    </route>
</routes>
