<?xml version="1.0" encoding="UTF-8" ?>

<routes xmlns="http://symfony.com/schema/routing"
        xmlns:xsi="http://www.w3.org/2001/XMLSchema-instance"
        xsi:schemaLocation="http://symfony.com/schema/routing http://symfony.com/schema/routing/routing-1.0.xsd">

    <route id="patient_search_by_nom" path="/patient/patients.{_format}" methods="GET">
        <default key="_controller">OruPatientBundle:Patient:searchPatients</default>
        <default key="_format">json</default>
        <requirement key="_format">json</requirement>
    </route>

    <route id="patient_by_ids" path="/patient/ids/{_ids}.{_format}" methods="GET">
        <default key="_controller">OruPatientBundle:Patient:getPatientsByIds</default>
        <default key="_format">json</default>
        <requirement key="_format">json</requirement>
    </route>

    <route id="patient_new" path="/patient/new">
        <default key="_controller">OruPatientBundle:Patient:new</default>
    </route>

    <route id="patient_create" path="/patient/create" methods="POST">
        <default key="_controller">OruPatientBundle:Patient:create</default>
    </route>

</routes>
