<?xml version="1.0" ?>

<container xmlns="http://symfony.com/schema/dic/services"
           xmlns:xsi="http://www.w3.org/2001/XMLSchema-instance"
           xsi:schemaLocation="http://symfony.com/schema/dic/services http://symfony.com/schema/dic/services/services-1.0.xsd">
    <parameters>
        <parameter key="oru_esms.type.class">Oru\Bundle\EsmsBundle\Form\EsmsType</parameter>
    </parameters>

    <services>
        <service id="oru_esms.type" class="%oru_esms.type.class%">
            <argument type="service" id="oru_esms.choice_provider" />
            <argument type="service" id="oru_form_incremental.incremental_form_subscriber" />
        </service>
        <service id="oru_esms.professionnel_formation_type" class="Oru\Bundle\EsmsBundle\Form\ProfessionnelFormationType">
            <argument type="service" id="oru_form_incremental.incremental_form_subscriber" />
            <argument type="service" id="oru_esms.choice_provider" />
            <tag name="form.type" alias="professionnelFormation" />
        </service>
        <service id="oru_esms.conseil_vie_sociale_type" class="Oru\Bundle\EsmsBundle\Form\ConseilVieSocialeType">
            <argument type="service" id="oru_esms.choice_provider" />
            <argument type="service" id="oru_form_incremental.incremental_form_subscriber" />
            <tag name="form.type" alias="conseilVieSociale" />
        </service>
        <service id="oru_esms.personnes_qualifiees_type" class="Oru\Bundle\EsmsBundle\Form\PersonnesQualifieesType">
            <argument type="service" id="oru_form_incremental.incremental_form_subscriber" />
            <tag name="form.type" alias="personnesQualifiees" />
        </service>
        <service id="oru_esms.plaintes_reclamations_type" class="Oru\Bundle\EsmsBundle\Form\PlaintesReclamationsType">
            <argument type="service" id="oru_esms.choice_provider" />
            <argument type="service" id="oru_form_incremental.incremental_form_subscriber" />
            <tag name="form.type" alias="plaintesReclamations" />
        </service>
        <service id="oru_esms.bientraitance_type" class="Oru\Bundle\EsmsBundle\Form\BientraitanceType">
            <argument type="service" id="oru_form_incremental.incremental_form_subscriber" />
            <tag name="form.type" alias="bientraitance" />
        </service>
        <service id="oru_esms.fin_vie_type" class="Oru\Bundle\EsmsBundle\Form\FinVieType">
            <argument type="service" id="oru_form_incremental.incremental_form_subscriber" />
            <tag name="form.type" alias="finVie" />
        </service>
        <service id="oru_esms.acces_donnees_sante_type" class="Oru\Bundle\EsmsBundle\Form\AccesDonneesSanteType">
            <argument type="service" id="oru_esms.choice_provider" />
            <argument type="service" id="oru_form_incremental.incremental_form_subscriber" />
            <tag name="form.type" alias="accesDonneesSante" />
        </service>
        <service id="oru_esms.livret_accueil_type" class="Oru\Bundle\EsmsBundle\Form\LivretAccueilType">
            <argument type="service" id="oru_esms.choice_provider" />
            <argument type="service" id="oru_form_incremental.incremental_form_subscriber" />
            <tag name="form.type" alias="livretAccueil" />
        </service>
        <service id="oru_esms.contrat_soutien_type" class="Oru\Bundle\EsmsBundle\Form\ContratSoutienType">
            <argument type="service" id="oru_form_incremental.incremental_form_subscriber" />
            <tag name="form.type" alias="contratSoutien" />
        </service>
        <service id="oru_esms.contrat_sejour_type" class="Oru\Bundle\EsmsBundle\Form\ContratSejourType">
            <argument type="service" id="oru_esms.choice_provider" />
            <argument type="service" id="oru_form_incremental.incremental_form_subscriber" />
            <tag name="form.type" alias="contratSejour" />
        </service>
        <service id="oru_esms.reglement_type" class="Oru\Bundle\EsmsBundle\Form\ReglementType">
            <argument type="service" id="oru_esms.choice_provider" />
            <argument type="service" id="oru_form_incremental.incremental_form_subscriber" />
            <tag name="form.type" alias="reglement" />
        </service>
        <service id="oru_esms.projet_etablissement_type" class="Oru\Bundle\EsmsBundle\Form\ProjetEtablissementType">
            <argument type="service" id="oru_esms.choice_provider" />
            <argument type="service" id="oru_form_incremental.incremental_form_subscriber" />
            <tag name="form.type" alias="projetEtablissement" />
        </service>
        <service id="oru_esms.evaluations_type" class="Oru\Bundle\EsmsBundle\Form\EvaluationsType">
            <argument type="service" id="oru_form_incremental.incremental_form_subscriber" />
            <tag name="form.type" alias="evaluations" />
        </service>
        <service id="oru_esms.suivi_outils_type" class="Oru\Bundle\EsmsBundle\Form\SuiviOutilsType">
            <argument type="service" id="oru_esms.choice_provider" />
            <argument type="service" id="oru_form_incremental.incremental_form_subscriber" />
            <tag name="form.type" alias="suiviOutils" />
        </service>
        <service id="oru_esms.professionnel_formation_type_type" class="Oru\Bundle\EsmsBundle\Form\ProfessionnelFormationTypeType">
            <argument type="service" id="oru_form_incremental.incremental_form_subscriber" />
            <tag name="form.type" alias="professionnelFormationType" />
        </service>
        <service id="oru_esms.professionnel_formation_theme_type" class="Oru\Bundle\EsmsBundle\Form\ProfessionnelFormationThemeType">
            <argument type="service" id="oru_form_incremental.incremental_form_subscriber" />
            <argument type="service" id="oru_esms.choice_provider" />
            <tag name="form.type" alias="professionnelFormationTheme" />
        </service>
        <service id="oru_esms.conseil_vie_sociale_representant_type" class="Oru\Bundle\EsmsBundle\Form\ConseilVieSocialeRepresentantType">
            <argument type="service" id="oru_form_incremental.incremental_form_subscriber" />
            <tag name="form.type" alias="conseilVieSocialeRepresentant" />
        </service>
        <service id="oru_esms.conseil_vie_sociale_avis_type" class="Oru\Bundle\EsmsBundle\Form\ConseilVieSocialeAvisType">
            <argument type="service" id="oru_form_incremental.incremental_form_subscriber" />
            <tag name="form.type" alias="conseilVieSocialeAvis" />
        </service>
    </services>
</container>