<?xml version="1.0" ?>

<container xmlns="http://symfony.com/schema/dic/services"
    xmlns:xsi="http://www.w3.org/2001/XMLSchema-instance"
    xsi:schemaLocation="http://symfony.com/schema/dic/services http://symfony.com/schema/dic/services/services-1.0.xsd">


    <parameters>
        <parameter key="oru_mail.mailer.class">Oru\Bundle\MailBundle\Mailer\Mailer</parameter>
        <parameter key="oru_mail.swiftmailer_db.spool.class">Oru\Bundle\MailBundle\Spool\DatabaseSpool</parameter>
    </parameters>

    <services>
        <service id="oru_mail.mailer" class="%oru_mail.mailer.class%">
            <argument type="service" id="mailer" />
            <argument type="service" id="router" />
            <argument type="service" id="templating" />
            <argument type="service" id="oru_setting" />
            <argument type="service" id="twig" />
            <argument>%kernel.environment%</argument>
        </service>

        <service id="oru_mail.swiftmailer_db.spool"
                 class="%oru_mail.swiftmailer_db.spool.class%"
                 decorates="white_october.swiftmailer_db.spool"
                 public="false"
        >
            <argument type="service" id="doctrine" />
            <argument>%white_october.swiftmailer_db.spool.entity_class%</argument>
            <argument>%kernel.environment%</argument>
            <argument>%white_october.swiftmailer_db.spool.keep_sent_messages%</argument>
        </service>
    </services>

</container>
