<?xml version="1.0" ?>

<container xmlns="http://symfony.com/schema/dic/services"
    xmlns:xsi="http://www.w3.org/2001/XMLSchema-instance"
    xsi:schemaLocation="http://symfony.com/schema/dic/services http://symfony.com/schema/dic/services/services-1.0.xsd">

    <parameters>
        <parameter key="paginator.class">Oru\Bundle\PaginatorBundle\Paginator\Paginator</parameter>
        <parameter key="paginator.elements_page">10</parameter>
    </parameters>

    <services>
        <service id="paginator.factory" class="%paginator.class%">
            <argument type="service" id="listing.factory" />
            <argument type="service" id="knp_paginator" />
            <argument>%paginator.elements_page%</argument>
        </service>
    </services>
</container>
