<?xml version="1.0" encoding="UTF-8" ?>
        <pages xmlns="http://www.ror-paca.fr"
               xmlns:xsi="http://www.w3.org/2001/XMLSchema-instance"
               xsi:schemaLocation="http://www.ror-paca.fr ../../../../../../app/Resources/XmlSchema/pages.xsd">
    <page>
        <name>Accès au suivi des SMS</name>
        <route>sms</route>
        <slug>sms</slug>
        <credential>ORU_SMS</credential>
        <short_description>Admin : Accès au suivi des SMS.</short_description>
    </page>
</pages>