<?xml version="1.0" ?>

<container xmlns="http://symfony.com/schema/dic/services"
           xmlns:xsi="http://www.w3.org/2001/XMLSchema-instance"
           xsi:schemaLocation="http://symfony.com/schema/dic/services http://symfony.com/schema/dic/services/services-1.0.xsd">

    <parameters>
        <parameter key="oru_carto.twig_extension.class">Oru\Bundle\CartoBundle\Twig\Extension\MapExtension</parameter>
        <parameter key="oru_carto.form.type.class">Oru\Bundle\CartoBundle\Form\Type\CartoType</parameter>
        <parameter key="oru_carto.listener.carto_type.class">Oru\Bundle\CartoBundle\Listener\CartoTypeListener</parameter>
        <parameter key="oru_carto.geo_address_synchro.class">Oru\Bundle\CartoBundle\Synchro\GeoAddress</parameter>
        <parameter key="oru_carto.address.geocoding.class">Oru\Bundle\CartoBundle\Service\AddressGeocoding</parameter>
    </parameters>

    <services>
        <service id="oru_carto.twig.map_extension" class="%oru_carto.twig_extension.class%">
            <tag name="twig.extension" />
            <argument type="service" id="service_container" />
            <argument type="collection">
                <argument key="cache_dir">%kernel.cache_dir%/carto</argument>
            </argument>
        </service>
        <service id="oru_carto.twig.map_url_asset_extension" class="Oru\Bundle\CartoBundle\Twig\Extension\UrlAssetExtension">
            <tag name="twig.extension" />
        </service>
        <service id="oru_carto.listener.postPersistUpdateAddress" class="Oru\Bundle\CartoBundle\Listener\PostPersistAddress">
            <tag name="doctrine.event_subscriber"/>
            <argument type="service" id="event_dispatcher" />
            <argument>%disabled_bundles%</argument>
        </service>
        <service id="oru_carto.helper.ign" class="Oru\Bundle\CartoBundle\Helper\IgnHelper">
            <argument type="service" id="oru_setting" />
            <argument type="service" id="oru_webclient.client" />
            <argument>%code_insee_region%</argument>
        </service>
        <service id="oru_carto.helper.curl" class="Oru\Bundle\CartoBundle\Helper\CurlHelper">
        </service>
        <service id="oru_carto.helper.distance" class="Oru\Bundle\CartoBundle\Helper\DistanceHelper">
            <argument type="service" id="doctrine.orm.pg_connection_entity_manager" />
        </service>
        <service id="oru_carto.form.type" class="%oru_carto.form.type.class%">
            <tag name="form.type" alias="oru_carto" />
        </service>
        <service id="oru_carto.listener.carto_type" class="%oru_carto.listener.carto_type.class%">
            <argument type="service" id="doctrine.orm.pg_connection_entity_manager" />
        </service>
        <service id="oru_carto.address.geocoding" class="%oru_carto.address.geocoding.class%">
            <argument type="service" id="doctrine.orm.pg_connection_entity_manager" />
            <argument type="service" id="doctrine.orm.default_entity_manager" />
        </service>
        <service id="oru_carto.geo_address_synchro" class="%oru_carto.geo_address_synchro.class%">
            <argument type="service" id="doctrine.orm.default_entity_manager" />
            <argument type="service" id="doctrine.orm.pg_connection_entity_manager" />
            <argument type="service" id="oru_carto.helper.ign" />
            <argument type="service" id="logger" />
            <tag name="kernel.event_subscriber" />
        </service>
    </services>

</container>
