<?xml version="1.0" ?>

<container xmlns="http://symfony.com/schema/dic/services"
           xmlns:xsi="http://www.w3.org/2001/XMLSchema-instance"
           xsi:schemaLocation="http://symfony.com/schema/dic/services http://symfony.com/schema/dic/services/services-1.0.xsd">

    <services>
        <service id="oru_project_humhub.rest_client" class="Oru\Bundle\ProjectHumhubBundle\Rest\Client">
            <argument>%humhub_url%</argument>
            <argument>%humhub_access_token%</argument>
            <argument>%proxy%</argument>
        </service>
        <service id="oru_project_humhub.helper" class="Oru\Bundle\ProjectHumhubBundle\Helper\HumhubHelper">
            <argument type="service" id="oru_project_humhub.rest_client" />
            <argument type="service" id="security.token_storage" />
            <argument type="service" id="oru_project_humhub.since" />
        </service>
        <service id="oru_project_humhub.synchro" class="Oru\Bundle\ProjectHumhubBundle\Synchro\Humhub">
            <argument type="service" id="doctrine.orm.entity_manager" />
            <argument type="service" id="logger" />
            <argument type="service" id="oru_project_humhub.rest_client" />
            <argument type="service" id="router.default" />
        </service>
        <service id="oru_project_humhub.synchro_user" class="Oru\Bundle\ProjectHumhubBundle\Synchro\User">
            <argument type="service" id="doctrine.orm.entity_manager" />
            <argument type="service" id="logger" />
            <argument type="service" id="oru_project_humhub.rest_client" />
        </service>

        <service id="oru_project_humhub.since" class="Oru\Bundle\ProjectHumhubBundle\Date\Since">
            <argument type="service" id="translator.default" />
        </service>
    </services>
</container>