<?xml version="1.0" ?>

<container xmlns="http://symfony.com/schema/dic/services"
    xmlns:xsi="http://www.w3.org/2001/XMLSchema-instance"
    xsi:schemaLocation="http://symfony.com/schema/dic/services http://symfony.com/schema/dic/services/services-1.0.xsd">

    <parameters>
        <parameter key="oru_stats.twig.extension.class">Oru\Bundle\StatsBundle\Twig\StatsExtension</parameter>
    </parameters>

    <services>
        <service id="oru_stats.twig.extension" class="%oru_stats.twig.extension.class%">
            <argument type="service" id="oru_setting" />
            <tag name="twig.extension" />
        </service>
    </services>

</container>
