<?xml version="1.0" encoding="utf-8"?>
<doctrine-mapping xmlns="http://doctrine-project.org/schemas/orm/doctrine-mapping" xmlns:xsi="http://www.w3.org/2001/XMLSchema-instance" xsi:schemaLocation="http://doctrine-project.org/schemas/orm/doctrine-mapping http://doctrine-project.org/schemas/orm/doctrine-mapping.xsd"
        xmlns:gedmo="http://gediminasm.org/schemas/orm/doctrine-extensions-mapping" >
    <entity name="Oru\Bundle\KeyStoreBundle\Entity\Certificate" table="oru_keystore_certificate" repository-class="Oru\Bundle\KeyStoreBundle\Entity\CertificateRepository">
        <indexes>
            <index columns="finger_print" name="finger_print_idx"/>
        </indexes>
        <id name="id" type="integer" column="id">
            <generator strategy="AUTO"/>
        </id>
        <field name="name" type="string" length="80" />
        <field name="raw" type="blob" />
        <field name="fingerPrint" column="finger_print" type="string" length="40" />
        <field name="created" type="datetime">
            <gedmo:timestampable on="create" />
        </field>
        <field name="updated" type="datetime">
            <gedmo:timestampable on="update" />
        </field>
        <field name="deleted" type="datetime" nullable="true" />
        <gedmo:soft-deleteable field-name="deleted" />
    </entity>
</doctrine-mapping>
