<?xml version="1.0" ?>

<container xmlns="http://symfony.com/schema/dic/services"
    xmlns:xsi="http://www.w3.org/2001/XMLSchema-instance"
    xsi:schemaLocation="http://symfony.com/schema/dic/services http://symfony.com/schema/dic/services/services-1.0.xsd">

    <parameters>
        <parameter key="oru_address.form.type.departement.class">Oru\Bundle\AddressBundle\Form\DepartementType</parameter>
        <parameter key="oru_address.form.type.class">Oru\Bundle\AddressBundle\Form\AddressType</parameter>
    </parameters>

    <services>
        <service id="oru_address.form.type" class="%oru_address.form.type.class%">
            <argument>%disabled_bundles%</argument>
            <argument type="service" id="service_container" />
            <tag name="form.type" alias="oru_address" />
        </service>

        <service id="oru_address.form.type.departement" class="%oru_address.form.type.departement.class%">
            <argument type="service" id="doctrine.orm.entity_manager" />
            <tag name="form.type" alias="departement" />
        </service>

        <service id="oru_ror.lst.address_region" class="Oru\Bundle\AddressBundle\Entity\LstRegion">
            <tag name="oru_lst.lst" alias="address_region" entityAlias="OruAddressBundle:LstRegion" restricted="restricted_lists" />
            <tag name="oru_synchro.synchronize" lst="address_region"/>
            <call method="addNamespace">
                <argument>address</argument>
            </call>
        </service>

        <service id="oru_ror.lst.address_departement" class="Oru\Bundle\AddressBundle\Entity\LstDepartement">
            <tag name="oru_lst.lst" alias="address_departement" entityAlias="OruAddressBundle:LstDepartement" restricted="restricted_lists" />
            <tag name="oru_synchro.synchronize" lst="address_departement"/>
            <call method="addNamespace">
                <argument>address</argument>
            </call>
        </service>

        <service id="oru_ror.lst.address_territoire" class="Oru\Bundle\AddressBundle\Entity\LstTerritoire">
            <tag name="oru_lst.lst" alias="address_territoire" entityAlias="OruAddressBundle:LstTerritoire" restricted="restricted_lists" />
            <tag name="oru_synchro.synchronize" lst="address_territoire"/>
            <call method="addNamespace">
                <argument>address</argument>
            </call>
        </service>

        <service id="oru_ror.lst.address_commune" class="Oru\Bundle\AddressBundle\Entity\LstCommune">
            <tag name="oru_lst.lst" alias="address_commune" entityAlias="OruAddressBundle:LstCommune" restricted="restricted_lists" />
            <tag name="oru_synchro.synchronize" lst="address_commune"/>
            <call method="addNamespace">
                <argument>address</argument>
            </call>
        </service>

        <service id="oru_ror.lst.address_code_postal" class="Oru\Bundle\AddressBundle\Entity\LstCodePostal">
            <tag name="oru_lst.lst" alias="address_code_postal" entityAlias="OruAddressBundle:LstCodePostal" restricted="restricted_lists" />
            <tag name="oru_synchro.synchronize" lst="address_code_postal"/>
            <call method="addNamespace">
                <argument>address</argument>
            </call>
        </service>

        <service id="oru_ror.lst.address_quartier_iris" class="Oru\Bundle\AddressBundle\Entity\LstQuartierIris">
            <tag name="oru_lst.lst" alias="address_quartier_iris" entityAlias="OruAddressBundle:LstQuartierIris" restricted="restricted_lists" />
            <tag name="oru_synchro.synchronize" lst="address_quartier_iris"/>
            <call method="addNamespace">
                <argument>address</argument>
            </call>
        </service>

        <service id="oru_ror.lst.address_type_voie" class="Oru\Bundle\AddressBundle\Entity\LstTypeVoie">
            <tag name="oru_lst.lst" alias="address_type_voie" entityAlias="OruAddressBundle:LstTypeVoie" restricted="restricted_lists" />
            <tag name="oru_synchro.synchronize" lst="address_type_voie"/>
            <call method="addNamespace">
                <argument>address</argument>
            </call>
        </service>

        <service id="oru_address.populate" class="Oru\Bundle\AddressBundle\Service\PopulateService">
            <argument type="service" id="doctrine.orm.entity_manager" />
            <argument type="service" id="doctrine.orm.pg_connection_entity_manager" />
        </service>

        <service id="oru_address.form.lstcommune_autocomplete" class="Oru\Bundle\AddressBundle\Form\Type\LstCommuneAutocompleteType">
            <tag name="form.type" alias="oru_lstcommune_autocomplete" />
        </service>

        <service id="oru_address.form.lstdepartement_autocomplete" class="Oru\Bundle\AddressBundle\Form\Type\LstDepartementAutocompleteType">
        <tag name="form.type" alias="oru_lstdepartement_autocomplete" />
        </service>

        <service id="oru_address.form.lstdepartement" class="Oru\Bundle\AddressBundle\Form\Type\LstDepartementType">
            <tag name="form.type" alias="oru_lstdepartement" />
            <argument>%code_insee_region%</argument>
        </service>

        <service id="oru_address.form.lstcodepostal_autocomplete" class="Oru\Bundle\AddressBundle\Form\Type\LstCodePostalAutocompleteType">
            <tag name="form.type" alias="oru_lstcodepostal_autocomplete" />
        </service>

        <service id="oru_address.form.codepostal_commune_autocomplete_text" class="Oru\Bundle\AddressBundle\Form\Type\CodePostalCommuneAutocompleteTextType">
            <tag name="form.type" alias="oru_codepostal_commune_autocomplete_text" />
        </service>

        <service id="oru_address.form.zone_geographique_tree" class="Oru\Bundle\AddressBundle\Form\Type\ZoneGeographiqueTreeType">
            <tag name="form.type" alias="oru_zone_geographique_tree" />
            <argument type="service" id="doctrine.orm.entity_manager" />
        </service>

        <service id="oru_address.form.zone_intervention" class="Oru\Bundle\AddressBundle\Form\ZoneInterventionType">
            <tag name="form.type" alias="oru_bundle_addressbundle_zone_intervention" />
        </service>

        <service id="oru_address.territoire" class="Oru\Bundle\AddressBundle\Service\Territoire">
            <argument type="service" id="doctrine.orm.default_entity_manager" />
        </service>

        <service id="oru_address.import" class="Oru\Bundle\AddressBundle\Import\AddressImport">
        </service>

        <service id="oru_address.form.zone_geographique_search_autocomplete" class="Oru\Bundle\AddressBundle\Form\Type\ZoneGeographiqueSearchAutocompleteType">
            <tag name="form.type" alias="oru_zone_geographique_search_autocomplete" />
        </service>

        <service id="oru_ror.listener.lst" class="Oru\Bundle\AddressBundle\Listener\LstListener">
            <call method="setEm">
                <argument type="service" id="doctrine.orm.entity_manager" />
            </call>
            <tag name="kernel.event_listener"  event="custom.event.lst_migration_event" method="onLstEvent" />
        </service>

        <service id="oru_address.cp_link_repair" class="Oru\Bundle\AddressBundle\Repair\CpLinkRepair">
            <argument type="service" id="doctrine.orm.entity_manager" />
        </service>

        <service id="oru_address.cp_update" class="Oru\Bundle\AddressBundle\Update\CpUpdate">
            <argument type="service" id="doctrine.orm.entity_manager" />
        </service>

        <service id="oru_address.validator.zone_geographique" class="Oru\Bundle\AddressBundle\Validator\ZoneGeographiqueValidator">
            <tag name="validator.constraint_validator" alias="oru_address.validator.zone_geographique" />
        </service>
    </services>
</container>
