<?xml version="1.0" encoding="UTF-8" ?>
<pages xmlns="http://www.ror-paca.fr"
       xmlns:xsi="http://www.w3.org/2001/XMLSchema-instance"
       xsi:schemaLocation="http://www.ror-paca.fr ../../../../../../app/Resources/XmlSchema/pages.xsd">

    <page>
        <name>Gestionnaire de certificats</name>
        <route>certificate</route>
        <slug>oru-certificate</slug>
        <credential>ORU_ROR_CERTIFICAT</credential>
        <icon>icon-oru-rouage</icon>
        <short_description>Admin : Gestion des certificats pour communiquer avec le ROR via API.</short_description>
    </page>
</pages>
