<?xml version="1.0" encoding="UTF-8" ?>

<routes xmlns="http://symfony.com/schema/routing"
    xmlns:xsi="http://www.w3.org/2001/XMLSchema-instance"
    xsi:schemaLocation="http://symfony.com/schema/routing http://symfony.com/schema/routing/routing-1.0.xsd">

    <route id="certificate" path="/">
        <default key="_controller">OruKeyStoreBundle:Certificate:index</default>
    </route>

    <route id="certificate_filter" path="/filter">
        <default key="_controller">OruKeyStoreBundle:Certificate:filter</default>
    </route>

    <route id="certificate_show" path="/{id}/show" methods="get">
        <default key="_controller">OruKeyStoreBundle:Certificate:show</default>
    </route>

    <route id="certificate_new" path="/new">
        <default key="_controller">OruKeyStoreBundle:Certificate:new</default>
    </route>

    <route id="certificate_create" path="/create" methods="post">
        <default key="_controller">OruKeyStoreBundle:Certificate:create</default>
    </route>

    <route id="certificate_edit" path="/{id}/edit" methods="get">
        <default key="_controller">OruKeyStoreBundle:Certificate:edit</default>
    </route>

    <route id="certificate_update" path="/{id}/update" methods="put">
        <default key="_controller">OruKeyStoreBundle:Certificate:update</default>
    </route>
</routes>
