<?xml version="1.0" ?>

<container xmlns="http://symfony.com/schema/dic/services"
           xmlns:xsi="http://www.w3.org/2001/XMLSchema-instance"
           xsi:schemaLocation="http://symfony.com/schema/dic/services http://symfony.com/schema/dic/services/services-1.0.xsd">

    <parameters>
        <parameter key="oru_keystore.form.certificate.class">Oru\Bundle\KeyStoreBundle\Form\CertificateType</parameter>
        <parameter key="oru_keystore.form_filter.certificate.class">Oru\Bundle\KeyStoreBundle\Form\CertificateFilterType</parameter>
    </parameters>

    <services>
        <service id="oru_keystore.form.certificate" class="%oru_keystore.form.certificate.class%">
            <tag name="form.type" alias="oru_certificate_form" />
        </service>

        <service id="oru_keystore.form_filter.certificate" class="%oru_keystore.form_filter.certificate.class%">
            <tag name="form.type" alias="oru_keystore_certificate_filter" />
        </service>

        <service id="oru_keystore.certificate_tool" class="Oru\Bundle\KeyStoreBundle\Tool\CertificateTool">
        </service>

        <service id="oru_keystore.certificate_repository" class="Oru\Bundle\KeyStoreBundle\Entity\CertificateRepository">
            <factory service="doctrine.orm.entity_manager" method="getRepository" />
            <argument type="string">OruKeyStoreBundle:Certificate</argument>
        </service>
        <service id="oru_keystore.user_provider" class="Oru\Bundle\KeyStoreBundle\Security\UserProvider">
            <argument type="service" id="oru_keystore.certificate_repository" />
        </service>
        <service id="oru_keystore.wsse_provider" class="Oru\Bundle\KeyStoreBundle\Security\Authentication\WsseProvider" public="false">
            <argument type="service" id="oru_keystore.user_provider" />
        </service>
        <service id="oru_keystore.wsse_listener" class="Oru\Bundle\KeyStoreBundle\Security\Firewall\WsseListener" public="false">
            <argument type="service" id="security.token_storage" />
            <argument type="service" id="oru_keystore.wsse_provider" />
            <argument type="service" id="oru_keystore.certificate_tool" />
        </service>
    </services>
</container>