<?xml version="1.0" encoding="utf-8"?>
<doctrine-mapping xmlns="http://doctrine-project.org/schemas/orm/doctrine-mapping" xmlns:xsi="http://www.w3.org/2001/XMLSchema-instance" xsi:schemaLocation="http://doctrine-project.org/schemas/orm/doctrine-mapping http://doctrine-project.org/schemas/orm/doctrine-mapping.xsd"
        xmlns:gedmo="http://gediminasm.org/schemas/orm/doctrine-extensions-mapping" >
    <entity name="Oru\Bundle\LogBundle\Entity\LogRequest" table="oru_log_request">
        <id name="id" type="integer" column="id">
            <generator strategy="AUTO"/>
        </id>
        <field name="https" type="boolean" nullable="true" />
        <field name="httpMethod" column="http_method" type="string" length="8" nullable="true" />
        <field name="remoteAddr" column="remote_addr" type="string" length="40" nullable="true" />
        <one-to-one field="log" target-entity="LogNew" inversed-by="request">
            <join-column name="log_id" referenced-column-name="id" on-delete="CASCADE" />
        </one-to-one>
    </entity>
</doctrine-mapping>
