<?xml version="1.0" encoding="UTF-8" ?>
        <pages xmlns="http://www.ror-paca.fr"
               xmlns:xsi="http://www.w3.org/2001/XMLSchema-instance"
               xsi:schemaLocation="http://www.ror-paca.fr ../../../../../../app/Resources/XmlSchema/pages.xsd">
    <page>
        <name>Accès aux logs</name>
        <route>log</route>
        <slug>log</slug>
        <credential>ORU_LOG</credential>
        <short_description>Admin : Accès aux logs permettant de visualiser les actions sur le Portail.</short_description>
    </page>
</pages>