<?xml version="1.0" encoding="utf-8"?>
<doctrine-mapping xmlns="http://doctrine-project.org/schemas/orm/doctrine-mapping" xmlns:xsi="http://www.w3.org/2001/XMLSchema-instance" xsi:schemaLocation="http://doctrine-project.org/schemas/orm/doctrine-mapping http://doctrine-project.org/schemas/orm/doctrine-mapping.xsd"
        xmlns:gedmo="http://gediminasm.org/schemas/orm/doctrine-extensions-mapping" >
    <entity name="Oru\Bundle\LogBundle\Entity\LogNew" table="oru_log_new" repository-class="Oru\Bundle\LogBundle\Entity\LogNewRepository">
        <id name="id" type="integer" column="id">
            <generator strategy="AUTO"/>
        </id>
        <field name="username" type="string" length="60" nullable="true" />
        <field name="created" type="datetime" />
        <field name="ajax" type="boolean" nullable="true" />
        <one-to-one field="profiler" target-entity="LogProfiler" mapped-by="log" fetch="EXTRA_LAZY">
            <cascade>
                <cascade-persist/>
                <cascade-remove/>
            </cascade>
        </one-to-one>
        <one-to-one field="request" target-entity="LogRequest" mapped-by="log" fetch="EXTRA_LAZY">
            <cascade>
                <cascade-persist/>
                <cascade-remove/>
            </cascade>
        </one-to-one>
        <many-to-one field="url" target-entity="LogUrl" inversed-by="log" >
            <join-column name="url_id" referenced-column-name="id" />
            <cascade>
                <cascade-persist/>
                <cascade-remove/>
            </cascade>
        </many-to-one>
        <many-to-one field="userAgent" target-entity="LogUserAgent" inversed-by="log" >
            <join-column name="user_agent_id" referenced-column-name="id" />
            <cascade>
                <cascade-persist/>
                <cascade-remove/>
            </cascade>
        </many-to-one>
        <many-to-one field="session" target-entity="LogSession" inversed-by="log" >
            <join-column name="session_id" referenced-column-name="id" />
            <cascade>
                <cascade-persist/>
                <cascade-remove/>
            </cascade>
        </many-to-one>

        <indexes>
            <index columns="username"></index>
            <index columns="created"></index>
            <index columns="ajax"></index>

            <index columns="username,url_id,created,ajax,session_id"></index>
        </indexes>
    </entity>
</doctrine-mapping>
