<?xml version="1.0" ?>

<container xmlns="http://symfony.com/schema/dic/services"
           xmlns:xsi="http://www.w3.org/2001/XMLSchema-instance"
           xsi:schemaLocation="http://symfony.com/schema/dic/services http://symfony.com/schema/dic/services/services-1.0.xsd">

    <parameters>
        <parameter key="oru_schedule_termine.class">Oru\Bundle\ScheduleBundle\Form\Type\TermineType</parameter>
    </parameters>

    <services>
        <service id="oru_schedule_termine" class="%oru_schedule_termine.class%">
            <tag name="form.type" alias="oru_schedule_termine" />
        </service>

        <service id="oru_schedule.cache_string_manager" class="Oru\Bundle\AppBundle\Cache\CacheManager">
            <factory class="Oru\Bundle\AppBundle\Cache\CacheFactory" method="createCacheManager" />
            <argument>%kernel.cache_dir%/oruschedulable</argument>
            <argument>Oru\Bundle\AppBundle\Cache\Formatter\CacheStringFormatter</argument>
            <argument>Oru\Bundle\AppBundle\Cache\Formatter\FilenameCreator</argument>
        </service>
        <service id="oru_schedule.cache_bash_manager" class="Oru\Bundle\AppBundle\Cache\CacheManager">
            <factory class="Oru\Bundle\AppBundle\Cache\CacheFactory" method="createCacheManager" />
            <argument>%kernel.cache_dir%/oruschedulable</argument>
            <argument>Oru\Bundle\AppBundle\Cache\Formatter\CacheBashFormatter</argument>
            <argument>Oru\Bundle\AppBundle\Cache\Formatter\FilenameCreator</argument>
        </service>
    </services>
</container>