<?xml version="1.0" encoding="utf-8"?>
<doctrine-mapping xmlns="http://doctrine-project.org/schemas/orm/doctrine-mapping" xmlns:xsi="http://www.w3.org/2001/XMLSchema-instance" xsi:schemaLocation="http://doctrine-project.org/schemas/orm/doctrine-mapping http://doctrine-project.org/schemas/orm/doctrine-mapping.xsd"
                  xmlns:gedmo="http://gediminasm.org/schemas/orm/doctrine-extensions-mapping">
  <entity repository-class="Oru\Bundle\AddressBundle\Entity\ZoneGeographiqueRepository" name="Oru\Bundle\AddressBundle\Entity\ZoneGeographique" table="oru_address_zone_geographique">
    <id name="id" type="integer" column="id">
      <generator strategy="AUTO"/>
    </id>
      <field name="created" type="datetime">
          <gedmo:timestampable on="create" />
      </field>
      <field name="updated" type="datetime">
          <gedmo:timestampable on="update" />
      </field>
      <many-to-many target-entity="LstRegion" field="regions">
          <join-table name="oru_address_zone_geographique_asso_region">
              <join-columns>
                  <join-column/>
              </join-columns>
              <inverse-join-columns>
                  <join-column/>
              </inverse-join-columns>
          </join-table>
      </many-to-many>
      <many-to-many target-entity="LstDepartement" field="departements">
          <join-table name="oru_address_zone_geographique_asso_departement">
              <join-columns>
                  <join-column/>
              </join-columns>
              <inverse-join-columns>
                  <join-column/>
              </inverse-join-columns>
          </join-table>
      </many-to-many>
      <many-to-many target-entity="LstCommune" field="communes">
          <join-table name="oru_address_zone_geographique_asso_commune">
              <join-columns>
                  <join-column/>
              </join-columns>
              <inverse-join-columns>
                  <join-column/>
              </inverse-join-columns>
          </join-table>
      </many-to-many>
      <many-to-many target-entity="LstQuartierIris" field="quartiers">
          <join-table name="oru_address_zone_geographique_asso_quartier">
              <join-columns>
                  <join-column/>
              </join-columns>
              <inverse-join-columns>
                  <join-column/>
              </inverse-join-columns>
          </join-table>
      </many-to-many>
  </entity>
</doctrine-mapping>
