<?xml version="1.0" encoding="UTF-8" ?>

<routes xmlns="http://symfony.com/schema/routing"
    xmlns:xsi="http://www.w3.org/2001/XMLSchema-instance"
    xsi:schemaLocation="http://symfony.com/schema/routing http://symfony.com/schema/routing/routing-1.0.xsd">

    <route id="log" path="/">
        <default key="_controller">OruLogBundle:Log:index</default>
    </route>

    <route id="log_filter" path="/filter">
        <default key="_controller">OruLogBundle:Log:filter</default>
    </route>

    <route id="log_show" path="/{id}/show">
        <default key="_controller">OruLogBundle:Log:show</default>
    </route>

    <route id="log_follow_session" path="/{id}/follow">
        <default key="_controller">OruLogBundle:Log:follow</default>
    </route>

    <route id="log_error_session" path="/{id}/error">
        <default key="_controller">OruLogBundle:Log:error</default>
    </route>

</routes>
