<?xml version="1.0" encoding="UTF-8" ?>
        <pages xmlns="http://www.ror-paca.fr"
               xmlns:xsi="http://www.w3.org/2001/XMLSchema-instance"
               xsi:schemaLocation="http://www.ror-paca.fr ../../../../../../app/Resources/XmlSchema/pages.xsd">
    <page>
        <name>Gestion des libellés - liste</name>
        <route>oru_translation</route>
        <slug>oru_translation</slug>
        <credential>ORU_TRANSLATION</credential>
        <icon>icon-oru-rouage</icon>
        <short_description>Admin : Accès à la liste des libellés du Portail </short_description>
    </page>
    <page>
        <name>Gestion des libellés - créer</name>
        <route>oru_translation_new</route>
        <slug>oru_translation_new</slug>
        <credential>ORU_TRANSLATION</credential>
        <icon>icon-oru-rouage</icon>
        <short_description>Admin : Accès à la création de nouveaux libellés du Portail.</short_description>
    </page>
</pages>