<?xml version="1.0" ?>

<container xmlns="http://symfony.com/schema/dic/services"
           xmlns:xsi="http://www.w3.org/2001/XMLSchema-instance"
           xsi:schemaLocation="http://symfony.com/schema/dic/services http://symfony.com/schema/dic/services/services-1.0.xsd">
    <services>
        <service id="oru_plan_bleu.plan_bleu_provider" class="Oru\Bundle\PlanBleuBundle\Provider\PlanBleuProvider">
            <argument type="service" id="doctrine.orm.default_entity_manager" />
        </service>
        <service id="oru_plan_bleu.statut_type" class="Oru\Bundle\PlanBleuBundle\Form\Type\PlanBleuStatutType">
            <argument type="service" id="form.factory"/>
            <tag name="form.type" alias="plan_bleu_statut"/>
        </service>
        <service id="oru_plan_bleu.identification_type" class="Oru\Bundle\PlanBleuBundle\Form\IdentificationType">
            <argument type="service" id="oru_setting"/>
            <argument>%default_indicatif%</argument>
            <tag name="form.type" alias="plan_bleu_indentification"/>
        </service>
        <service id="oru_plan_bleu.plan_bleu_type" class="Oru\Bundle\PlanBleuBundle\Form\PlanBleuType">
            <argument type="service" id="oru_plan_bleu.identification_type"/>
            <tag name="form.type" alias="plan_bleu_type"/>
        </service>
    </services>
</container>