<?xml version="1.0" encoding="UTF-8" ?>

<routes xmlns="http://symfony.com/schema/routing"
        xmlns:xsi="http://www.w3.org/2001/XMLSchema-instance"
        xsi:schemaLocation="http://symfony.com/schema/routing http://symfony.com/schema/routing/routing-1.0.xsd">

    <route id="oru_translation" pattern="/">
        <default key="_controller">OruTranslationBundle:Translation:index</default>
    </route>
    <route id="oru_translation_filter" pattern="/filter">
        <default key="_controller">OruTranslationBundle:Translation:filter</default>
        <requirement key="_method">POST</requirement>
    </route>
    <route id="oru_translation_edit" pattern="/{id}/edit">
        <requirement key="id">\d+</requirement>
        <default key="_controller">OruTranslationBundle:Translation:edit</default>
    </route>
    <route id="oru_translation_update" pattern="/{id}">
        <requirement key="id">\d+</requirement>
        <requirement key="_method">PUT</requirement>
        <default key="_controller">OruTranslationBundle:Translation:update</default>
    </route>
    <route id="oru_translation_new" pattern="/new">
        <default key="_controller">OruTranslationBundle:Translation:new</default>
    </route>
    <route id="oru_translation_create" pattern="/create">
        <requirement key="_method">POST</requirement>
        <default key="_controller">OruTranslationBundle:Translation:create</default>
    </route>
    <route id="oru_translation_delete" pattern="/{id}/delete">
        <requirement key="id">\d+</requirement>
        <requirement key="_method">DELETE</requirement>
        <default key="_controller">OruTranslationBundle:Translation:delete</default>
    </route>
</routes>
