<?xml version="1.0" ?>

<container xmlns="http://symfony.com/schema/dic/services"
           xmlns:xsi="http://www.w3.org/2001/XMLSchema-instance"
           xsi:schemaLocation="http://symfony.com/schema/dic/services http://symfony.com/schema/dic/services/services-1.0.xsd">
    <services>
        <service id="oru_error_logger.exception_listener" class="Oru\Bundle\ErrorLoggerBundle\EventListener\ExceptionListener">
            <tag name="kernel.event_listener" event="kernel.exception" method="onKernelException" priority="255" />
            <tag name="monolog.logger" channel="oru_error" />
            <argument>%twig.exception_listener.controller%</argument>
            <argument type="service" id="logger" />
            <argument type="service" id="router.default" />
            <argument type="service" id="session.flash_bag" />
            <argument type="string">%kernel.environment%</argument>
        </service>
        <service id="oru_error_logger.storage_db_storage" class="Oru\Bundle\ErrorLoggerBundle\Storage\DbStorage">
            <call method="setEntityManager">
                <argument id="doctrine.orm.entity_manager" type="service" />
            </call>
            <call method="setContainer">
                <argument id="service_container" type="service" />
            </call>
        </service>
    </services>
</container>