<?xml version="1.0" encoding="utf-8"?>
<doctrine-mapping xmlns="http://doctrine-project.org/schemas/orm/doctrine-mapping"
                  xmlns:xsi="http://www.w3.org/2001/XMLSchema-instance" xsi:schemaLocation="http://doctrine-project.org/schemas/orm/doctrine-mapping http://doctrine-project.org/schemas/orm/doctrine-mapping.xsd"
                  xmlns:gedmo="http://gediminasm.org/schemas/orm/doctrine-extensions-mapping">
    <entity name="Oru\Bundle\PlanBleuBundle\Entity\PlanBleu" table="oru_plan_bleu" repository-class="Oru\Bundle\PlanBleuBundle\Entity\PlanBleuRepository">
        <id name="id" type="integer" column="id">
            <generator strategy="AUTO"/>
        </id>
        <field name="telInfirmier" nullable="true" column="tel_infirmier" type="phone_number" />
        <field name="telMedecin" nullable="true" column="tel_medecin" type="phone_number" />
        <field name="telCriseFilaire" nullable="true" column="tel_crise_filaire" type="phone_number" />
        <field name="telCriseGsm" nullable="true" column="tel_crise_gsm" type="phone_number" />
        <field name="telCriseSat" nullable="true" column="tel_crise_sat" type="phone_number" />
        <field name="telCriseFax" nullable="true" column="tel_crise_fax" type="phone_number" />
        <field name="dernierExercice" nullable="true" column="dernierExercice" type="date" />
        <field name="dernierPlanBleu" nullable="true" column="dernier_plan_bleu" type="date" />
        <field name="dernierVersionPlanBleu" nullable="true" column="dernier_version_plan_bleu" type="date" />
        <field name="lieuMad" nullable="true" column="lieu_mad" type="text" />
        <field name="informatise" nullable="true" type="boolean" />
        <field name="pca" nullable="true" type="boolean" />
        <field name="annuaireCrise" nullable="true" column="annuaire_crise" type="boolean" />
        <field name="annuaireCriseMairie" nullable="true" column="annuaire_crise_mairie" type="boolean" />
        <field name="annuaireCrisePrefecture" nullable="true" column="annuaire_crise_prefecture" type="boolean" />
        <field name="annuaireCriseSdis" nullable="true" column="annuaire_crise_sdis" type="boolean" />
        <field name="annuaireCriseArs" nullable="true" column="annuaire_crise_ars" type="boolean" />
        <field name="annuaireCriseConseilGeneral" nullable="true" column="annuaire_crise_conseil_general" type="boolean" />
        <field name="annuaireCriseErdf" nullable="true" column="annuaire_crise_erdf" type="boolean" />
        <field name="etsAgeLd" nullable="true" column="ets_age_ld" type="boolean" />
        <field name="etsAgeDep" nullable="true" column="ets_age_dep" type="boolean" />
        <field name="etsAgeFoyer" nullable="true" column="ets_age_foyer" type="boolean" />
        <field name="etsHandiMas" nullable="true" column="ets_handi_mas" type="string" length="20" />
        <field name="etsHandiFam" nullable="true" column="ets_handi_fam" type="string" length="20" />
        <field name="etsHandiEsat" nullable="true" column="ets_handi_esat" type="string" length="20" />
        <field name="etsHandiIme" nullable="true" column="ets_handi_ime" type="string" length="20" />
        <field name="etsHandiItep" nullable="true" column="ets_handi_itep" type="string" length="20" />
        <field name="etsHandiEeap" nullable="true" column="ets_handi_eeap" type="string" length="20" />
        <field name="etsHandiAutre" nullable="true" column="ets_handi_Autre" type="text" />
        <field name="capLitLs" nullable="true" column="cap_lit_ls" type="smallint" />
        <field name="capLitPermInt" nullable="true" column="cap_lit_perm_int" type="smallint" />
        <field name="capLitTmp" nullable="true" column="cap_lit_tmp" type="smallint" />
        <field name="capLitPasa" nullable="true" column="cap_lit_pasa" type="smallint" />
        <field name="capLitUhr" nullable="true" column="cap_lit_uhr" type="smallint" />
        <field name="capLitCantou" nullable="true" column="cap_lit_cantou" type="smallint" />
        <field name="capPlaceJourExt" nullable="true" column="cap_place_jour_ext" type="smallint" />
        <field name="capPlaceJourExtAlz" nullable="true" column="cap_place_jour_ext_alz" type="smallint" />
        <field name="capLitAutre" nullable="true" column="cap_lit_autre" type="smallint" />
        <field name="capLitAutreDetail" nullable="true" column="cap_lit_autre_detail" type="text" />
        <field name="capTotale" nullable="true" column="cap_totale" type="smallint" />
        <field name="popuGrabataire" nullable="true" column="popu_grabataire" type="float" />
        <field name="popuMr" nullable="true" column="popu_mr" type="float" />
        <field name="popuMobile" nullable="true" column="popu_mobile" type="float" />
        <field name="persTotal" nullable="true" column="pers_total" type="float" />
        <field name="persMedical" nullable="true" column="pers_medical" type="float" />
        <field name="persPara" nullable="true" column="pers_para" type="float" />
        <field name="persAdm" nullable="true" column="pers_adm" type="float" />
        <field name="persLogist" nullable="true" column="pers_logist" type="float" />
        <field name="convEsProx" nullable="true" column="conv_es_prox" type="boolean" />
        <field name="convEsProxYes" nullable="true" column="conv_es_prox_yes" type="text" />
        <field name="convEsPro" nullable="true" column="conv_es_pro" type="boolean" />
        <field name="convEsProYes" nullable="true" column="conv_es_pro_yes" type="text" />
        <field name="dosMedUi" nullable="true" column="dos_med_ui" type="boolean" />
        <field name="dosMedUi24" nullable="true" column="dos_med_ui_24" type="boolean" />
        <field name="dosMedUiNumerique" nullable="true" column="dos_med_ui_numerique" type="boolean" />
        <field name="eqVehicule" nullable="true" column="eq_vehicule" type="smallint" />
        <field name="eqVehiculeType" nullable="true" column="eq_vehicule_type" type="text" />
        <field name="eqVehiculeUsage" nullable="true" column="eq_vehicule_usage" type="text" />
        <field name="nrjGroupe" nullable="true" column="nrj_groupe" type="boolean" />
        <field name="nrjGroupeTps" nullable="true" column="nrj_groupe_tps" type="smallint" />
        <field name="nrjGroupeTpsDeg" nullable="true" column="nrj_groupe_tps_deg" type="smallint" />
        <field name="nrjGroupeTpsDegTxt" nullable="true" column="nrj_groupe_tps_deg_txt" type="text" />
        <field name="nrjGroupeLoc" nullable="true" column="nrj_groupe_loc" type="boolean" />
        <field name="nrjGroupeLocYes" nullable="true" column="nrj_groupe_loc_yes" type="text" />
        <field name="nrjObl" nullable="true" column="nrj_obl" type="boolean" />
        <field name="nrjDoc" nullable="true" column="nrj_doc" type="boolean" />
        <field name="alimFabrication" nullable="true" column="alim_fabrication" type="boolean" />
        <field name="alimFabricationNo" nullable="true" column="alim_fabrication_no" type="text" />
        <field name="alimTps" nullable="true" column="alim_tps" type="smallint" />
        <field name="alimReserveEau" nullable="true" column="alim_reserve_eau" type="boolean" />
        <field name="alimReserveSec" nullable="true" column="alim_reserve_sec" type="boolean" />
        <field name="med" nullable="true" type="smallint" />
        <field name="medLivraisonJour" nullable="true" type="string" length="50" />
        <field name="medIndispensable" nullable="true" column="med_indispensable" type="smallint" />
        <field name="medIndispensableNot" nullable="true" column="med_indispensable_not" type="smallint" />
        <field name="secCameras" nullable="true" column="sec_cameras" type="boolean" />
        <field name="secAcces" nullable="true" column="sec_acces" type="boolean" />
        <field name="secBarriere" nullable="true" column="sec_barriere" type="boolean" />
        <field name="eqPiece" nullable="true" column="eq_piece" type="smallint" />
        <field name="eqFaorConf" nullable="true" column="eq_faor_conf" type="boolean" />
        <field name="eqFaorEvac" nullable="true" column="eq_faor_evac" type="boolean" />
        <field name="eqFaorPand" nullable="true" column="eq_faor_pand" type="boolean" />
        <field name="eqRepli" nullable="true" column="eq_repli" type="text" />
        <field name="coop" nullable="true" type="boolean" />
        <field name="coopYes" nullable="true" column="coop_yes" type="text" />
        <field name="dari" nullable="true" type="boolean" />
        <field name="dariPap" nullable="true" column="dari_pap" type="boolean" />
        <field name="termine" nullable="true" type="boolean" />
        <field name="created" type="datetime">
            <gedmo:timestampable on="create"/>
        </field>
        <field name="updated" type="datetime">
            <gedmo:timestampable on="update"/>
        </field>
        <field name="deleted" type="datetime" nullable="true" />

        <one-to-one field="identification" target-entity="Identification" inversed-by="planBleu" fetch="EAGER">
            <join-column name="identification_id" on-delete="CASCADE" referenced-column-name="id" />
            <cascade>
                <cascade-remove/>
                <cascade-persist/>
            </cascade>
        </one-to-one>
        <gedmo:soft-deleteable field-name="deleted" time-aware="true" />
    </entity>
</doctrine-mapping>