<?xml version="1.0" encoding="utf-8"?>
<doctrine-mapping xmlns="http://doctrine-project.org/schemas/orm/doctrine-mapping" xmlns:xsi="http://www.w3.org/2001/XMLSchema-instance" xsi:schemaLocation="http://doctrine-project.org/schemas/orm/doctrine-mapping http://doctrine-project.org/schemas/orm/doctrine-mapping.xsd">
    <entity name="Oru\Bundle\PatientBundle\Entity\Patient" table="oru_patient" repository-class="Oru\Bundle\PatientBundle\Entity\PatientRepository" >
        <id name="id" type="integer" column="id">
            <generator strategy="AUTO"/>
        </id>
        <field name="nom" type="string" nullable="false" />
        <field name="nomPatronymique" column="nom_patronymique" type="string" nullable="true" />
        <field name="prenom" type="string" nullable="false" />
        <field name="dateNaissance" type="date" nullable="false" />
        <field name="sexe" type="string" length="1" nullable="true" />
    </entity>
</doctrine-mapping>
