<?xml version="1.0" encoding="utf-8"?>
<doctrine-mapping xmlns="http://doctrine-project.org/schemas/orm/doctrine-mapping"
                  xmlns:xsi="http://www.w3.org/2001/XMLSchema-instance" xsi:schemaLocation="http://doctrine-project.org/schemas/orm/doctrine-mapping http://doctrine-project.org/schemas/orm/doctrine-mapping.xsd"
                  xmlns:gedmo="http://gediminasm.org/schemas/orm/doctrine-extensions-mapping">
    <entity name="Oru\Bundle\ProjectHumhubBundle\Entity\ProjectHumhub" table="oru_project_humhub">
        <unique-constraints>
            <unique-constraint columns="space_humhub_id,project_id">unique_project_humhub</unique-constraint>
        </unique-constraints>
        <id name="id" type="integer" column="id">
            <generator strategy="AUTO"/>
        </id>

        <field name="spaceHumhubId" column="space_humhub_id" type="integer" />

        <one-to-one target-entity="Oru\Bundle\ProjectBundle\Entity\Project" field="project">
            <join-column name="project_id" nullable="false" />
        </one-to-one>
    </entity>
</doctrine-mapping>
