<?xml version="1.0" encoding="UTF-8" ?>

<routes xmlns="http://symfony.com/schema/routing"
        xmlns:xsi="http://www.w3.org/2001/XMLSchema-instance"
        xsi:schemaLocation="http://symfony.com/schema/routing http://symfony.com/schema/routing/routing-1.0.xsd">

    <route id="oru_setting" pattern="/">
        <default key="_controller">OruSettingBundle:Setting:index</default>
    </route>
    <route id="oru_setting_filter" pattern="/filter">
        <default key="_controller">OruSettingBundle:Setting:filter</default>
        <requirement key="_method">POST</requirement>
    </route>
    <route id="oru_setting_edit" pattern="/{id}/edit">
        <requirement key="id">\d+</requirement>
        <default key="_controller">OruSettingBundle:Setting:edit</default>
    </route>
    <route id="oru_setting_update" pattern="/{id}">
        <requirement key="id">\d+</requirement>
        <requirement key="_method">POST</requirement>
        <default key="_controller">OruSettingBundle:Setting:update</default>
    </route>
    <route id="oru_setting_new" pattern="/new">
        <default key="_controller">OruSettingBundle:Setting:new</default>
    </route>
    <route id="oru_setting_create" pattern="/create">
        <requirement key="_method">POST</requirement>
        <default key="_controller">OruSettingBundle:Setting:create</default>
    </route>
    <route id="oru_setting_delete" pattern="/{id}/delete">
        <requirement key="id">\d+</requirement>
        <requirement key="_method">DELETE</requirement>
        <default key="_controller">OruSettingBundle:Setting:delete</default>
    </route>
</routes>
