<?xml version="1.0" ?>

<container xmlns="http://symfony.com/schema/dic/services"
           xmlns:xsi="http://www.w3.org/2001/XMLSchema-instance"
           xsi:schemaLocation="http://symfony.com/schema/dic/services http://symfony.com/schema/dic/services/services-1.0.xsd">

    <services>
        <service id="oru_task.factory" class="Oru\Bundle\TaskBundle\Factory\TaskFactory">
            <argument type="service" id="oru_setting" />
        </service>
        <service id="oru_task.manager_factory" class="Oru\Bundle\TaskBundle\Factory\TaskManagerFactory">
            <argument type="service" id="service_container" />
        </service>
        <service id="oru_task.queue_manager" class="Oru\Bundle\TaskBundle\Manager\QueueManager">
            <argument type="service" id="doctrine.orm.default_entity_manager" />
            <argument>%kernel.root_dir%</argument>
            <call method="setLogger">
                <argument type="service" id="logger" />
            </call>
        </service>
        <service id="oru_task.entity_manager" class="Oru\Bundle\TaskBundle\Manager\TaskEntityManager">
            <argument type="service" id="doctrine.orm.default_entity_manager" />
        </service>
        <service id="oru_task.task_extension_twig" class="Oru\Bundle\TaskBundle\Twig\TaskExtension">
            <tag name="twig.extension" />
        </service>
    </services>
</container>
