<?xml version="1.0" encoding="UTF-8" ?>

<routes xmlns="http://symfony.com/schema/routing"
        xmlns:xsi="http://www.w3.org/2001/XMLSchema-instance"
        xsi:schemaLocation="http://symfony.com/schema/routing http://symfony.com/schema/routing/routing-1.0.xsd">

    <route id="oru_translation" path="/">
        <default key="_controller">OruTranslationBundle:Translation:index</default>
    </route>
    <route id="oru_translation_filter" path="/filter" methods="POST">
        <default key="_controller">OruTranslationBundle:Translation:filter</default>
    </route>
    <route id="oru_translation_edit" path="/{id}/edit">
        <requirement key="id">\d+</requirement>
        <default key="_controller">OruTranslationBundle:Translation:edit</default>
    </route>
    <route id="oru_translation_update" path="/{id}" methods="PUT">
        <requirement key="id">\d+</requirement>
        <default key="_controller">OruTranslationBundle:Translation:update</default>
    </route>
    <route id="oru_translation_new" path="/new">
        <default key="_controller">OruTranslationBundle:Translation:new</default>
    </route>
    <route id="oru_translation_create" path="/create" methods="POST">
        <default key="_controller">OruTranslationBundle:Translation:create</default>
    </route>
    <route id="oru_translation_delete" path="/{id}/delete" methods="DELETE">
        <requirement key="id">\d+</requirement>
        <default key="_controller">OruTranslationBundle:Translation:delete</default>
    </route>
</routes>
