<?xml version="1.0" encoding="UTF-8" ?>

<routes xmlns="http://symfony.com/schema/routing"
    xmlns:xsi="http://www.w3.org/2001/XMLSchema-instance"
    xsi:schemaLocation="http://symfony.com/schema/routing http://symfony.com/schema/routing/routing-1.0.xsd">

    <route id="orubox" pattern="/">
        <default key="_controller">OruBoxBundle:Orubox:index</default>
    </route>

    <route id="orubox_filter" pattern="/filter">
        <default key="_controller">OruBoxBundle:Orubox:filter</default>
    </route>

    <route id="orubox_show" pattern="/{id}/show">
        <default key="_controller">OruBoxBundle:Orubox:show</default>
    </route>

    <route id="orubox_new" pattern="/new">
        <default key="_controller">OruBoxBundle:Orubox:new</default>
    </route>

    <route id="orubox_create" pattern="/create">
        <default key="_controller">OruBoxBundle:Orubox:create</default>
        <requirement key="_method">post</requirement>
    </route>

    <route id="orubox_edit" pattern="/{id}/edit">
        <default key="_controller">OruBoxBundle:Orubox:edit</default>
    </route>

    <route id="orubox_update" pattern="/{id}/update">
        <default key="_controller">OruBoxBundle:Orubox:update</default>
        <requirement key="_method">post|put</requirement>
    </route>

    <route id="orubox_delete" pattern="/{id}/delete">
        <default key="_controller">OruBoxBundle:Orubox:delete</default>
        <requirement key="_method">post|delete</requirement>
    </route>

    <route id="orubox_running" pattern="/{id}/running">
        <default key="_controller">OruBoxBundle:Orubox:running</default>
    </route>

    <route id="orubox_import" pattern="/{demandeId}/import">
        <default key="_controller">OruBoxBundle:Orubox:import</default>
    </route>

    <route id="orubox_export" pattern="/export/{root}">
        <default key="_controller">OruBoxBundle:Orubox:export</default>
        <default key="root">0</default>
    </route>

</routes>
