<?xml version="1.0" encoding="utf-8"?>
<doctrine-mapping xmlns="http://doctrine-project.org/schemas/orm/doctrine-mapping" xmlns:xsi="http://www.w3.org/2001/XMLSchema-instance" xsi:schemaLocation="http://doctrine-project.org/schemas/orm/doctrine-mapping http://doctrine-project.org/schemas/orm/doctrine-mapping.xsd"
                  xmlns:gedmo="http://gediminasm.org/schemas/orm/doctrine-extensions-mapping" >
    <entity name="Oru\Bundle\VersionBundle\Entity\RedmineTicketDetails" table="oru_version_redmine_ticket_detail">
        <id name="id" type="integer" column="id">
            <generator strategy="AUTO"/>
        </id>
        <field name="ticket" type="integer" />
        <field name="tracker" type="string" length="50" />
        <field name="title" type="text" />
        <field name="description" type="text" nullable="true" />
        <field name="actions" type="text" nullable="true" />
        <field name="visible" type="boolean" />
        <unique-constraints>
            <unique-constraint columns="ticket"></unique-constraint>
        </unique-constraints>
    </entity>
</doctrine-mapping>
