<?xml version="1.0" ?>

<container xmlns="http://symfony.com/schema/dic/services"
    xmlns:xsi="http://www.w3.org/2001/XMLSchema-instance"
    xsi:schemaLocation="http://symfony.com/schema/dic/services http://symfony.com/schema/dic/services/services-1.0.xsd">

    <parameters>
        <parameter key="oru_box.orubox_manager.class">Oru\Bundle\BoxBundle\Manager\OruboxManager</parameter>
        <parameter key="oru_box.orubox_factory.class">Oru\Bundle\BoxBundle\Factory\OruboxFactory</parameter>
        <parameter key="oru_box.demande_factory.class">Oru\Bundle\BoxBundle\Factory\DemandeFactory</parameter>
        <parameter key="oru_box.form.class">Oru\Bundle\BoxBundle\Form\OruboxType</parameter>
        <parameter key="oru_box.form.filter.class">Oru\Bundle\BoxBundle\Form\OruboxFilterType</parameter>
        <parameter key="oru_box.orubox.listener.class">Oru\Bundle\BoxBundle\Listener\OruboxListener</parameter>
    </parameters>

    <services>
        <service id="oru_box.orubox_manager" class="%oru_box.orubox_manager.class%">
            <argument type="service" id="doctrine.orm.entity_manager" />
            <argument>%oru_box.type_demande.class%</argument>
            <argument type="service" id="oru_webclient.webclient" />
        </service>

        <service id="oru_box.orubox_factory" class="%oru_box.orubox_factory.class%">
            <argument type="service" id="doctrine.orm.entity_manager" />
        </service>

        <service id="oru_box.demande_factory" class="%oru_box.demande_factory.class%">
            <argument type="service" id="doctrine.orm.entity_manager" />
        </service>

        <service id="oru_box.orubox.listener" class="%oru_box.orubox.listener.class%">
            <argument type="service" id="service_container" />
            <tag name="doctrine.event_listener" event="postPersist" method="postPersist" />
            <tag name="doctrine.event_listener" event="postUpdate" method="postUpdate" />
        </service>

        <service id="oru_box.lst.telemedecine_orubox_statut" class="Oru\Bundle\BoxBundle\Entity\LstStatut">
            <tag name="oru_lst.lst" alias="telemedecine_orubox_statut" entityAlias="OruBoxBundle:LstStatut" role="ORU_TELEMEDECINE_ADMIN" restricted="restricted_lists" />
            <tag name="oru_synchro.synchronize" lst="telemedecine_orubox_statut"/>
            <call method="addNamespace">
                <argument>telemedecine</argument>
            </call>
        </service>

        <service id="oru_box.form" class="Oru\Bundle\BoxBundle\Form\OruboxType">
            <tag name="form.type" alias="oru_box" />
        </service>
    </services>

</container>
