<?xml version="1.0" encoding="utf-8"?>
<doctrine-mapping xmlns="http://doctrine-project.org/schemas/orm/doctrine-mapping" xmlns:xsi="http://www.w3.org/2001/XMLSchema-instance" xsi:schemaLocation="http://doctrine-project.org/schemas/orm/doctrine-mapping http://doctrine-project.org/schemas/orm/doctrine-mapping.xsd"
                  xmlns:gedmo="http://gediminasm.org/schemas/orm/doctrine-extensions-mapping">
    <entity name="Oru\Bundle\FormIncrementalBundle\Entity\FieldValidityDescription" table="oru_form_incremental_field_validity_description">
        <id name="id" type="integer" column="id">
            <generator strategy="AUTO"/>
        </id>
        <field name="tableName" type="string" column="table_name" length="255"></field>
        <field name="field" type="string" length="255"></field>
        <field name="start" type="integer"></field>
        <field name="stop" type="integer"></field>
        <unique-constraints>
            <unique-constraint columns="table_name,field"></unique-constraint>
        </unique-constraints>
    </entity>
</doctrine-mapping>
