<?xml version="1.0" encoding="UTF-8" ?>
<pages xmlns="http://www.ror-paca.fr"
       xmlns:xsi="http://www.w3.org/2001/XMLSchema-instance"
       xsi:schemaLocation="http://www.ror-paca.fr ../../../../../../app/Resources/XmlSchema/pages.xsd">
    <page>
        <name>Gestion des listes</name>
        <route>lst_index</route>
        <argument>
            <namespace>default</namespace>
        </argument>
        <slug>lst-index</slug>
        <credential>ORU_LST_ADMIN</credential>
        <icon>icon-oru-rouage</icon>
        <short_description>Admin : Accès à la gestion du contenu des listes administrabales du Portail.</short_description>
    </page>
</pages>
