<?xml version="1.0" ?>

<container xmlns="http://symfony.com/schema/dic/services"
    xmlns:xsi="http://www.w3.org/2001/XMLSchema-instance"
    xsi:schemaLocation="http://symfony.com/schema/dic/services http://symfony.com/schema/dic/services/services-1.0.xsd">

    <parameters>
        <parameter key="listing.registry.class">Oru\Bundle\ListingBundle\Listing\ListingRegistry</parameter>
        <parameter key="listing.factory.class">Oru\Bundle\ListingBundle\Listing\ListingFactory</parameter>
        <parameter key="listing.class">Oru\Bundle\ListingBundle\Listing\Listing</parameter>
        <parameter key="listing.template.collection" type="collection">
            <parameter key="defaultListingTemplate">%oru_listing.template.listing%</parameter>
            <parameter key="defaultListingHeaderTemplate">%oru_listing.template.listing_header%</parameter>
            <parameter key="defaultListingCoreTemplate">%oru_listing.template.listing_core%</parameter>
            <parameter key="defaultListingTableHeaderTemplate">%oru_listing.template.listing_table_header%</parameter>
            <parameter key="defaultListingTableBodyTemplate">%oru_listing.template.listing_table_body%</parameter>
            <parameter key="defaultListingTableFooterTemplate">%oru_listing.template.listing_table_footer%</parameter>
            <parameter key="defaultListingCoreFooterTemplate">%oru_listing.template.listing_core_footer%</parameter>
            <parameter key="defaultListingFooterTemplate">%oru_listing.template.listing_footer%</parameter>
            <parameter key="defaultListingFilterTemplate">%oru_listing.template.listing_filter%</parameter>
            <parameter key="defaultListingAndFilterTemplate">%oru_listing.template.listing_and_filter%</parameter>
        </parameter>
    </parameters>

    <services>
        <service id="listing.registry" class="%listing.registry.class%">
            <argument type="collection">
                <argument type="service" id="form.extension" />
            </argument>
        </service>

        <service id="listing.factory" class="%listing.factory.class%">
            <argument type="service" id="listing.registry" />
            <argument>%listing.class%</argument>
            <argument>%listing.template.collection%</argument>
        </service>

        <service id="oru.twig.listing_extension" class="Oru\Bundle\ListingBundle\Twig\ListingExtension">
            <tag name="twig.extension" />
        </service>
    </services>
</container>
