<?xml version="1.0" encoding="utf-8"?>
<doctrine-mapping xmlns="http://doctrine-project.org/schemas/orm/doctrine-mapping" xmlns:xsi="http://www.w3.org/2001/XMLSchema-instance" xsi:schemaLocation="http://doctrine-project.org/schemas/orm/doctrine-mapping http://doctrine-project.org/schemas/orm/doctrine-mapping.xsd"
                  xmlns:gedmo="http://gediminasm.org/schemas/orm/doctrine-extensions-mapping">
  <entity name="Oru\Bundle\FormBundle\Entity\Recoverable" table="oru_form_recoverable">
    <id name="id" type="integer" column="id">
      <generator strategy="AUTO"/>
    </id>
    <field name="serializedForm" type="text" column="serialized_form" />
    <field name="formName" type="string" column="form_name" length="255"/>
    <field name="objectId" type="integer" column="object_id" nullable="true"/>
    <field name="professionnelId" type="integer" column="professionnel_id" />
    <field name="created" type="datetime">
      <gedmo:timestampable on="create" />
    </field>
    <field name="updated" type="datetime">
      <gedmo:timestampable on="update" />
    </field>
  </entity>
</doctrine-mapping>
