<?xml version="1.0" encoding="UTF-8" ?>

<routes xmlns="http://symfony.com/schema/routing"
        xmlns:xsi="http://www.w3.org/2001/XMLSchema-instance"
        xsi:schemaLocation="http://symfony.com/schema/routing http://symfony.com/schema/routing/routing-1.0.xsd">

    <route id="lstcommune_search_by_nom" pattern="/lstcommune/lstcommunes.{_format}">
        <default key="_controller">OruAddressBundle:LstCommune:searchLstCommunes</default>
        <default key="_format">json</default>
        <requirement key="_format">json</requirement>
        <requirement key="_method">get</requirement>
    </route>

    <route id="lstcommune_by_ids" pattern="/lstcommune/ids/{_ids}.{_format}">
        <default key="_controller">OruAddressBundle:LstCommune:getLstCommunesByIds</default>
        <default key="_format">json</default>
        <requirement key="_format">json</requirement>
        <requirement key="_method">get</requirement>
    </route>

    <route id="lstcodepostal_search_by_nom" pattern="/lstcodepostal/lstcodepostal.{_format}">
        <default key="_controller">OruAddressBundle:LstCodePostal:searchLstCodePostal</default>
        <default key="_format">json</default>
        <requirement key="_format">json</requirement>
        <requirement key="_method">get</requirement>
    </route>

    <route id="lstcodepostal_by_ids" pattern="/lstcodepostal/ids/{_ids}.{_format}">
        <default key="_controller">OruAddressBundle:LstCodePostal:getLstCodePostalByIds</default>
        <default key="_format">json</default>
        <requirement key="_format">json</requirement>
        <requirement key="_method">get</requirement>
    </route>

</routes>
