<?xml version="1.0" ?>

<container xmlns="http://symfony.com/schema/dic/services"
           xmlns:xsi="http://www.w3.org/2001/XMLSchema-instance"
           xsi:schemaLocation="http://symfony.com/schema/dic/services http://symfony.com/schema/dic/services/services-1.0.xsd">
    <services>
        <service id="oru_error_logger.exception_listener" class="Oru\Bundle\ErrorLoggerBundle\EventListener\ExceptionListener">
            <tag name="kernel.event_listener" event="kernel.exception" method="onKernelException" priority="-128" />
            <tag name="monolog.logger" channel="oru_error" />
            <argument>%twig.exception_listener.controller%</argument>
            <argument type="service" id="logger" />
            <argument type="service" id="router.default" />
            <argument type="service" id="session.flash_bag" />
            <argument type="string">%kernel.environment%</argument>
            <argument type="service" id="lexik_maintenance.driver.factory" on-invalid="ignore" />
            <argument type="service" id="oru_error_logger.duplicate" />
        </service>
        <service id="oru_error_logger.single_entity_manager" class="Oru\Bundle\ErrorLoggerBundle\Manager\ErrorEntityManager">
            <argument type="service" id="doctrine.orm.default_entity_manager" />
        </service>
        <service id="oru_error_logger.entity_manager" class="Doctrine\ORM\EntityManager">
            <factory service="oru_error_logger.single_entity_manager" method="getManager" />
        </service>
        <service id="oru_error_logger.storage_db_storage" class="Oru\Bundle\ErrorLoggerBundle\Storage\DbStorage">
            <call method="setEntityManager">
                <argument id="oru_error_logger.entity_manager" type="service" />
            </call>
            <call method="setContainer">
                <argument id="service_container" type="service" />
            </call>
        </service>
        <service id="oru_error_logger.error_repository" class="Doctrine\ORM\EntityRepository">
            <factory service="doctrine" method="getRepository" />
            <argument type="string">Oru\Bundle\ErrorLoggerBundle\Entity\Error</argument>
        </service>
        <service id="oru_error_logger.cache_rapport_manager" class="Oru\Bundle\AppBundle\Cache\CacheManager" public="false">
            <factory class="Oru\Bundle\AppBundle\Cache\CacheFactory" method="createCacheManager" />
            <argument>%kernel.cache_dir%/error-logger</argument>
            <argument>Oru\Bundle\AppBundle\Cache\Formatter\SerializedFormatter</argument>
            <argument>Oru\Bundle\AppBundle\Cache\Formatter\FilenameRawCreator</argument>
        </service>
        <service id="oru_error_logger.rapport" class="Oru\Bundle\ErrorLoggerBundle\Manager\Rapport">
            <argument type="service" id="oru_error_logger.error_repository" />
            <argument type="service" id="mailer" />
            <argument type="service" id="oru_setting" />
            <argument type="service" id="validator" />
            <argument type="service" id="twig" />
            <argument type="service" id="oru_error_logger.cache_rapport_manager" />
        </service>
        <service id="oru_error_logger.cache_duplicate_manager" class="Oru\Bundle\AppBundle\Cache\CacheManager" public="false">
            <factory class="Oru\Bundle\AppBundle\Cache\CacheFactory" method="createCacheManager" />
            <argument>%kernel.cache_dir%/error-logger</argument>
            <argument>Oru\Bundle\AppBundle\Cache\Formatter\SerializedFormatter</argument>
            <argument>Oru\Bundle\AppBundle\Cache\Formatter\FilenameRawCreator</argument>
        </service>
        <service id="oru_error_logger.duplicate" class="Oru\Bundle\ErrorLoggerBundle\Manager\Duplicate">
            <argument type="service" id="oru_error_logger.cache_duplicate_manager" />
        </service>
    </services>
</container>