<?xml version="1.0" encoding="utf-8"?>
<doctrine-mapping xmlns="http://doctrine-project.org/schemas/orm/doctrine-mapping" xmlns:xsi="http://www.w3.org/2001/XMLSchema-instance" xsi:schemaLocation="http://doctrine-project.org/schemas/orm/doctrine-mapping http://doctrine-project.org/schemas/orm/doctrine-mapping.xsd">
    <entity name="Oru\Bundle\AddressBundle\Entity\LstQuartierIris" table="oru_address_lst_quartier_iris">

        <unique-constraints>
            <unique-constraint columns="code" name="code" />
        </unique-constraints>

        <field name="iris" type="string" />
        <field name="typeIris" type="string" column="type_iris" />
        <field name="origine" type="integer" nullable="true"/>
        <many-to-one target-entity="LstCommune" field="commune" inversed-by="quartiers" />
    </entity>
</doctrine-mapping>
