<?xml version="1.0" encoding="UTF-8" ?>
<pages xmlns="http://www.ror-paca.fr"
       xmlns:xsi="http://www.w3.org/2001/XMLSchema-instance"
       xsi:schemaLocation="http://www.ror-paca.fr ../../../../../../app/Resources/XmlSchema/pages.xsd">
    <page>
        <name>Tâches asynchrones</name>
        <route>oru_task</route>
        <slug>oru-task</slug>
        <credential>ORU_TASK_VIEW</credential>
        <icon>icon-oru-rouage</icon>
        <short_description>Admin : Accès au spooler de tâches en arrière plan.</short_description>
    </page>
</pages>
