<?xml version="1.0" ?>

<container xmlns="http://symfony.com/schema/dic/services"
    xmlns:xsi="http://www.w3.org/2001/XMLSchema-instance"
    xsi:schemaLocation="http://symfony.com/schema/dic/services http://symfony.com/schema/dic/services/services-1.0.xsd">

    <parameters>
        <parameter key="oru_form.validator.length_parameter">Oru\Bundle\FormBundle\Validator\Constraints\LengthParameterValidator</parameter>
        <parameter key="oru_form.validator.time_range">Oru\Bundle\FormBundle\Validator\Constraints\TimeRangeValidator</parameter>
        <parameter key="oru_form.validator.time_range_parameter">Oru\Bundle\FormBundle\Validator\Constraints\TimeRangeValidatorParameter</parameter>
        <parameter key="oru_form.guesser.class">Oru\Bundle\FormBundle\Guesser\OruTypeGuesser</parameter>
        <parameter key="oru_form.twig.extension.form.class">Oru\Bundle\FormBundle\Twig\Extension\FormExtension</parameter>
        <parameter key="oru_form.type.oui_non.class">Oru\Bundle\FormBundle\Form\Type\OuiNonType</parameter>
        <parameter key="oru_form.type.oui_non_detail.class">Oru\Bundle\FormBundle\Form\Type\OuiNonDetailType</parameter>
        <parameter key="oru_form.type.checked_detail.class">Oru\Bundle\FormBundle\Form\Type\CheckedDetailType</parameter>
        <parameter key="oru_form.type.conditional.class">Oru\Bundle\FormBundle\Form\Type\ConditionalType</parameter>
        <parameter key="oru_form.type.sum.class">Oru\Bundle\FormBundle\Form\Type\SumType</parameter>
        <parameter key="oru_form.type.static.class">Oru\Bundle\FormBundle\Form\Type\StaticType</parameter>
        <parameter key="oru_form.type.percent_calc.class">Oru\Bundle\FormBundle\Form\Type\PercentCalcType</parameter>
        <parameter key="oru_form.type.choices_to_string.class">Oru\Bundle\FormBundle\Form\Type\ChoicesToStringType</parameter>
        <parameter key="oru_form.type.section.class">Oru\Bundle\FormBundle\Form\Type\SectionType</parameter>
        <parameter key="oru_form.type.text_entities.class">Oru\Bundle\FormBundle\Form\Type\TextEntitiesType</parameter>
        <parameter key="oru_form.type.key_value_array.class">Oru\Bundle\FormBundle\Form\Type\KeyValueArrayType</parameter>
        <parameter key="oru_form.type.json_array.class">Oru\Bundle\FormBundle\Form\Type\JsonArrayType</parameter>
        <parameter key="oru_form.type.password_strength.class">Oru\Bundle\FormBundle\Form\Type\PasswordStrengthType</parameter>
        <parameter key="lrotherfield.form.type.hidden_entity.class">Lrotherfield\Component\Form\Type\HiddenEntityType</parameter>
        <parameter key="oru_form.type.recoverable.class">Oru\Bundle\FormBundle\Form\Type\RecoverableType</parameter>
        <parameter key="oru_form.type.recoverable_form.class">Oru\Bundle\FormBundle\Form\Type\RecoverableFormType</parameter>
        <parameter key="oru_form.type.captcha.class">Oru\Bundle\FormBundle\Form\Type\CaptchaType</parameter>
        <parameter key="oru_form.type.tel.class">Oru\Bundle\FormBundle\Form\Type\TelType</parameter>
        <parameter key="oru_form.validator.multiple_emails.class">Oru\Bundle\FormBundle\Validator\Constraints\MultipleEmailsValidator</parameter>
        <parameter key="oru_form.type.checkall.class">Oru\Bundle\FormBundle\Form\Type\CheckAllType</parameter>
    </parameters>

    <services>
        <service id="oru_form.form_guesser" class="%oru_form.guesser.class%">
            <tag name="form.type_guesser" />
            <argument type="service" id="doctrine" />
        </service>

        <service id="oru_form.validator.length_parameter" class="%oru_form.validator.length_parameter%">
            <tag name="validator.constraint_validator" alias="length_parameter"/>
            <call method="setContainer">
                <argument type="service" id="service_container" />
            </call>
        </service>
        <service id="oru_form.validator.time_range" class="%oru_form.validator.time_range%">
            <tag name="validator.constraint_validator" alias="time_range"/>
        </service>
        <service id="oru_form.validator.time_range_parameter" class="%oru_form.validator.time_range_parameter%">
            <tag name="validator.constraint_validator" alias="time_range_parameter"/>
            <call method="setContainer">
                <argument type="service" id="service_container" />
            </call>
        </service>
        <service id="oru_form.twig.extension.form" class="%oru_form.twig.extension.form.class%">
            <tag name="twig.extension" />
            <argument type="service" id="twig.form.renderer" />
        </service>
        <service id="oru_form.type.oui_non" class="%oru_form.type.oui_non.class%">
            <tag name="form.type" alias="oru_oui_non" />
        </service>
        <service id="oru_form.type.oui_non_detail" class="%oru_form.type.oui_non_detail.class%">
            <tag name="form.type" alias="oru_oui_non_detail" />
        </service>
        <service id="oru_form.type.checked_detail" class="%oru_form.type.checked_detail.class%">
            <tag name="form.type" alias="oru_checked_detail" />
        </service>
        <service id="oru_form.type.conditional" class="%oru_form.type.conditional.class%">
            <tag name="form.type" alias="oru_conditional" />
        </service>
        <service id="oru_form.type.sum" class="%oru_form.type.sum.class%">
            <tag name="form.type" alias="oru_sum" />
        </service>
        <service id="oru_form.type.static" class="%oru_form.type.static.class%">
            <tag name="form.type" alias="oru_static" />
        </service>
        <service id="oru_form.type.percent_calc" class="%oru_form.type.percent_calc.class%">
            <tag name="form.type" alias="oru_percent_calc" />
        </service>
        <service id="oru_form.type.choices_to_string" class="%oru_form.type.choices_to_string.class%">
            <argument type="service" id="translator" />
            <tag name="form.type" alias="oru_choices_to_string" />
        </service>
        <service id="oru_form.type.section" class="%oru_form.type.section.class%">
            <tag name="form.type" alias="oru_section" />
        </service>
        <service id="oru_form.type.text_entities" class="%oru_form.type.text_entities.class%">
            <argument type="service" id="doctrine.orm.entity_manager" />
            <tag name="form.type" alias="oru_text_entities" />
        </service>
        <service id="oru_form.type.key_value_array" class="%oru_form.type.key_value_array.class%">
            <tag name="form.type" alias="oru_key_value_array" />
        </service>
        <service id="oru_form.type.json_array" class="%oru_form.type.json_array.class%">
            <tag name="form.type" alias="oru_json_array" />
        </service>
        <service id="oru_form.type.password_strength" class="%oru_form.type.password_strength.class%">
            <tag name="form.type" alias="oru_password_strength" />
        </service>
        <service id="lrotherfield.form.type.hidden_entity" class="%lrotherfield.form.type.hidden_entity.class%">
            <argument id="doctrine.orm.entity_manager" type="service" />
            <tag name="form.type" alias="hidden_entity" />
        </service>
        <service id="oru_form.type.recoverable" class="%oru_form.type.recoverable.class%">
            <tag name="form.type" alias="oru_recoverable" />
        </service>
        <service id="oru_form.type.recoverable_form" class="%oru_form.type.recoverable_form.class%">
            <tag name="form.type" alias="oru_recoverable_form" />
            <argument type="service" id="security.token_storage" />
            <argument type="service" id="doctrine.orm.default_entity_manager" />
        </service>
        <service id="oru_form.type.captcha" class="%oru_form.type.captcha.class%">
            <tag name="form.type" alias="oru_captcha" />
        </service>
        <service id="oru_form.type.tel" class="%oru_form.type.tel.class%">
            <tag name="form.type" alias="oru_tel" />
            <argument>%default_indicatif%</argument>
            <argument type="service" id="oru_setting"/>
        </service>
        <service id="oru_form.validator.multiple_emails" class="%oru_form.validator.multiple_emails.class%">
            <tag name="validator.constraint_validator" alias="multiple_emails"/>
        </service>
        <service id="oru_form.form_export.subscriber" class="Oru\Bundle\FormBundle\Subscriber\FormExportSubscriber">
            <tag name="kernel.event_subscriber" />
            <argument type="service" id="oru_formexport.choice_display" on-invalid="ignore" />
        </service>
        <service id="oru_form.type.checkall" class="%oru_form.type.checkall.class%">
            <tag name="form.type" alias="oru_checkall" />
        </service>
        <service id="oru_form.type.purified_ckeditor" class="Oru\Bundle\FormBundle\Form\Type\PurifiedCkeditorType">
            <argument type="service" id="oru_form.transformer.html_purifier" />
            <tag name="form.type" alias="purified_ckeditor" />
        </service>
        <service id="oru_form.transformer.html_purifier" class="Exercise\HTMLPurifierBundle\Form\HTMLPurifierTransformer">
            <argument type="service" id="exercise_html_purifier.default" />
        </service>
    </services>
</container>
