<?xml version="1.0" encoding="utf-8"?>
<doctrine-mapping xmlns="http://doctrine-project.org/schemas/orm/doctrine-mapping" xmlns:xsi="http://www.w3.org/2001/XMLSchema-instance" xsi:schemaLocation="http://doctrine-project.org/schemas/orm/doctrine-mapping http://doctrine-project.org/schemas/orm/doctrine-mapping.xsd">
    <entity name="Oru\Bundle\AddressBundle\Entity\LstCodePostal" table="oru_address_lst_code_postal" repository-class="Oru\Bundle\AddressBundle\Entity\LstCodePostalRepository">

        <unique-constraints>
            <unique-constraint columns="code" name="code" />
        </unique-constraints>

        <field name="libelleAcheminement" type="string" column="libelle_acheminement" />
        <field name="lat" type="decimal" precision="12" scale="10" nullable="true"/>
        <field name="lng" type="decimal" precision="13" scale="10" nullable="true"/>

        <many-to-one target-entity="LstCommune" field="commune" inversed-by="codePostal" />
        <indexes>
            <index columns="libelle_acheminement"></index>
        </indexes>
    </entity>
</doctrine-mapping>
