<?xml version="1.0" encoding="utf-8"?>
<doctrine-mapping xmlns="http://doctrine-project.org/schemas/orm/doctrine-mapping" xmlns:xsi="http://www.w3.org/2001/XMLSchema-instance" xsi:schemaLocation="http://doctrine-project.org/schemas/orm/doctrine-mapping http://doctrine-project.org/schemas/orm/doctrine-mapping.xsd"
        xmlns:gedmo="http://gediminasm.org/schemas/orm/doctrine-extensions-mapping" >
    <entity name="Oru\Bundle\LogBundle\Entity\LogTmp" table="oru_log_tmp" repository-class="Oru\Bundle\LogBundle\Entity\LogTmpRepository">
        <id name="id" type="integer" column="id">
            <generator strategy="AUTO"/>
        </id>
        <field name="username" type="string" length="60" nullable="true" />
        <field name="created" type="datetime">
            <gedmo:timestampable on="create" />
        </field>
        <field name="ajax" type="boolean" nullable="true" />
        <field name="time" type="decimal" precision="9" scale="2" nullable="true" />
        <field name="memory" type="integer" nullable="true" />
        <field name="queries" type="smallint" nullable="true" />
        <field name="https" type="boolean" nullable="true" />
        <field name="httpMethod" column="http_method" type="string" length="8" nullable="true" />
        <field name="remoteAddr" column="remote_addr" type="string" length="40" nullable="true" />
        <field name="url" type="string" length="255" />
        <field name="agent" type="string" length="240" />
        <field name="session" type="string" length="100" nullable="true" />
    </entity>
</doctrine-mapping>
