<?xml version="1.0" ?>

<container xmlns="http://symfony.com/schema/dic/services"
    xmlns:xsi="http://www.w3.org/2001/XMLSchema-instance"
    xsi:schemaLocation="http://symfony.com/schema/dic/services http://symfony.com/schema/dic/services/services-1.0.xsd">


    <services>

        <service id="oru_otp.manager" class="Oru\Bundle\OtpBundle\Manager\OtpManager">
            <argument type="service" id="session" />
            <argument type="service" id="security.token_storage" />
            <argument type="service" id="security.authorization_checker" />
            <argument type="service" id="oru_setting" />
            <argument>%disabled_bundles%</argument>
        </service>

        <service id="oru_otp.listener" class="Oru\Bundle\OtpBundle\Listener\OtpListener">
            <argument type="service" id="oru_otp.manager" />
            <argument type="service" id="oru_setting" />
            <argument type="service" id="router" />
            <argument type="service" id="event_dispatcher" />
            <argument type="service" id="security.token_storage" />
            <tag name="kernel.event_listener" event="kernel.request" method="checkOtp" priority="5" />
        </service>

        <service id="oru_otp.transport" class="Oru\Bundle\OtpBundle\Transport\OtpTransport">
            <!-- impossible de créer une dépendance vers le bundle désactivable oru_sms.manager -->
            <argument type="service" id="service_container" />
        </service>

        <service id="oru_otp.choose.form" class="Oru\Bundle\OtpBundle\Form\OtpChooseType">
            <argument type="service" id="oru_otp.manager" />
            <tag name="form.type" />
        </service>

        <service id="oru_otp.check.form" class="Oru\Bundle\OtpBundle\Form\OtpCheckType">
            <tag name="form.type" />
        </service>

        <service id="oru_otp.twig.extension.otp" class="Oru\Bundle\OtpBundle\Twig\Extension\OtpExtension">
            <argument type="service" id="oru_otp.manager" />
            <tag name="twig.extension" />
        </service>
    </services>

</container>
