<?xml version="1.0" ?>

<!-- Fichier spécifique pour les surcharges de FosRestBundle, à vérifier lors de toute mise à jour du bundle -->
<container xmlns="http://symfony.com/schema/dic/services"
           xmlns:xsi="http://www.w3.org/2001/XMLSchema-instance"
           xsi:schemaLocation="http://symfony.com/schema/dic/services http://symfony.com/schema/dic/services/services-1.0.xsd">
    <services>
        <service id="fos_rest.request.param_fetcher" class="Oru\Bundle\RestSoapBundle\Request\ParamFetcher">
            <argument type="service" id="service_container" />
            <argument type="service" id="fos_rest.request.param_fetcher.reader"/>
            <argument type="service" id="request_stack"/>
            <argument type="service" id="validator" on-invalid="null"/>
        </service>
        <!-- Par défaut ce service n'est pas public dans FosRestBundle, on le rend public et on le surcharge pour pourvoir surcharger le serializer dynamiquement -->
        <service id="fos_rest.serializer.jms" class="Oru\Bundle\RestSoapBundle\Serializer\JMSSerializerAdapter" public="true" lazy="true">
            <argument type="service" id="jms_serializer.serializer" />
        </service>
        <service id="oru_rest_soap.serializer.input_integer" class="Oru\Bundle\RestSoapBundle\Serializer\OruInputIntegerHandler" >
            <tag name="jms_serializer.subscribing_handler" />
        </service>
    </services>
</container>