<?xml version="1.0" ?>

<container xmlns="http://symfony.com/schema/dic/services"
           xmlns:xsi="http://www.w3.org/2001/XMLSchema-instance"
           xsi:schemaLocation="http://symfony.com/schema/dic/services http://symfony.com/schema/dic/services/services-1.0.xsd">


    <services>
        <service id="oru_denied_field.denied_field_user" class="Oru\Bundle\DeniedFieldBundle\User\DeniedFieldUser">
            <argument type="service" id="security.token_storage" />
        </service>
        <service id="oru_denied_field.denied_field_manager" class="Oru\Bundle\DeniedFieldBundle\Manager\DeniedFieldManager">
            <argument type="service" id="event_dispatcher" />
            <argument type="service" id="oru_denied_field.denied_field_user" />
            <argument type="service" id="oru_denied_field.subscriber_log" on-invalid="null" />
        </service>
    </services>
</container>