<?xml version="1.0" encoding="utf-8"?>
<doctrine-mapping xmlns="http://doctrine-project.org/schemas/orm/doctrine-mapping" xmlns:xsi="http://www.w3.org/2001/XMLSchema-instance" xsi:schemaLocation="http://doctrine-project.org/schemas/orm/doctrine-mapping http://doctrine-project.org/schemas/orm/doctrine-mapping.xsd"
        xmlns:gedmo="http://gediminasm.org/schemas/orm/doctrine-extensions-mapping" >
    <entity name="Oru\Bundle\LogBundle\Entity\LogUrl" table="oru_log_url">
        <id name="id" type="integer" column="id">
            <generator strategy="AUTO"/>
        </id>
        <field name="url" type="string" length="512" />

        <one-to-many field="log" target-entity="LogNew" mapped-by="url" />

        <indexes>
            <index columns="url"></index>
        </indexes>
        
        <unique-constraints>
            <unique-constraint columns="url"></unique-constraint>
        </unique-constraints>
    </entity>
</doctrine-mapping>
