<?xml version="1.0" encoding="UTF-8" ?>

<routes xmlns="http://symfony.com/schema/routing"
    xmlns:xsi="http://www.w3.org/2001/XMLSchema-instance"
    xsi:schemaLocation="http://symfony.com/schema/routing http://symfony.com/schema/routing/routing-1.0.xsd">

    <route id="session" pattern="/">
        <default key="_controller">OruBigBlueButtonBundle:Session:index</default>
    </route>

    <route id="session_filter" pattern="/filter">
        <default key="_controller">OruBigBlueButtonBundle:Session:filter</default>
    </route>

    <route id="session_show" pattern="/{id}/show">
        <default key="_controller">OruBigBlueButtonBundle:Session:show</default>
    </route>

    <route id="session_new" pattern="/new">
        <default key="_controller">OruBigBlueButtonBundle:Session:new</default>
    </route>

    <route id="session_create" pattern="/create">
        <default key="_controller">OruBigBlueButtonBundle:Session:create</default>
    </route>

    <route id="session_join" pattern="/{id}/join">
        <default key="_controller">OruBigBlueButtonBundle:Session:join</default>
        <requirement key="_method">post|put</requirement>
    </route>

    <route id="session_download" pattern="/{id}/download">
        <default key="_controller">OruBigBlueButtonBundle:Session:download</default>
    </route>

    <route id="session_running" pattern="/{id}/running">
        <default key="_controller">OruBigBlueButtonBundle:Session:running</default>
    </route>

</routes>
