<?xml version="1.0" ?>

<container xmlns="http://symfony.com/schema/dic/services"
           xmlns:xsi="http://www.w3.org/2001/XMLSchema-instance"
           xsi:schemaLocation="http://symfony.com/schema/dic/services http://symfony.com/schema/dic/services/services-1.0.xsd">
    <parameters>
        <parameter key="oru_log.log_helper.class">Oru\Bundle\LogBundle\Helper\LogHelper</parameter>
        <parameter key="oru_log.filter.form.class">Oru\Bundle\LogBundle\Form\LogNewFilterType</parameter>
        <parameter key="oru_log.filter.form_manager.class">Oru\Bundle\LogBundle\Manager\FilterFormManager</parameter>
    </parameters>

    <services>
        <service id="oru_log.log_manager" class="Oru\Bundle\LogBundle\Log\LogManager">
            <argument type="service" id="logger" />
            <tag name="monolog.logger" channel="oru_log_channel" />
        </service>
        <service id="oru_log.log_listener" class="Oru\Bundle\LogBundle\EventListener\LogListener">
            <tag name="kernel.event_listener" event="kernel.request" method="onKernelRequest" />
            <tag name="kernel.event_listener" event="kernel.terminate" method="onKernelTerminate" />
            <argument type="service" id="oru_log.log_manager" />
        </service>
        <service id="oru_log.log_processor" class="Oru\Bundle\LogBundle\Processor\LogProcessor">
            <call method="setKernel">
                <argument type="service" id="kernel" on-invalid="ignore" />
            </call>
            <call method="setSession">
                <argument type="service" id="session" />
            </call>
            <call method="setSecurityContext">
                <argument type="service" id="security.token_storage" />
            </call>
            <call method="setHelper">
                <argument type="service" id="oru_log.log_helper" />
            </call>
            <tag name="monolog.processor" channels="oru_log_channel" />
        </service>
        <service id="oru_log.log_web_processor" class="Monolog\Processor\WebProcessor">
            <tag name="monolog.processor" channels="oru_log_channel" />
        </service>
        <service id="oru_log.log_storage" class="Oru\Bundle\LogBundle\Storage\LogStorage">
            <call method="setEntityManager">
                <argument id="doctrine.orm.entity_manager" type="service" />
            </call>
            <call method="setHelper">
                <argument id="oru_log.log_helper" type="service" />
            </call>
        </service>
        <service id="oru_log.log_helper" class="%oru_log.log_helper.class%">
        </service>
        <service id="oru_log.filter.form" class="%oru_log.filter.form.class%">
            <tag name="form.type" alias="log_filter" />
        </service>
        <service id="oru_log.filter.form_manager" class="%oru_log.filter.form_manager.class%">
            <argument id="oru_log.log_helper" type="service" />
        </service>
        <service id="oru_log.process_manager" class="Oru\Bundle\LogBundle\Manager\ProcessManager">
            <argument id="doctrine.orm.entity_manager" type="service" />
            <argument id="router" type="service" />
        </service>
        <service id="oru_log.request_subscriber" class="Oru\Bundle\LogBundle\Subscriber\RequestSubscriber">
            <tag name="kernel.event_subscriber" />
            <argument type="service" id="doctrine" />
            <argument type="service" id="oru_log.log_processor" />
            <argument>%sql_counter_enabled%</argument>
        </service>
    </services>
</container>