<?xml version="1.0" encoding="utf-8"?>
<doctrine-mapping xmlns="http://doctrine-project.org/schemas/orm/doctrine-mapping"
                  xmlns:xsi="http://www.w3.org/2001/XMLSchema-instance" xsi:schemaLocation="http://doctrine-project.org/schemas/orm/doctrine-mapping http://doctrine-project.org/schemas/orm/doctrine-mapping.xsd"
                  xmlns:gedmo="http://gediminasm.org/schemas/orm/doctrine-extensions-mapping">
    <entity name="Oru\Bundle\ProjectHumhubBundle\Entity\MeetingHumhub" table="oru_project_humhub_meeting">
        <id name="id" type="integer" column="id">
            <generator strategy="AUTO"/>
        </id>

        <field name="humhubId" column="humhub_id" type="integer" />
        <field name="uri" type="string" length="255" />
        <field name="created" type="datetime">
            <gedmo:timestampable on="create" />
        </field>

        <one-to-one target-entity="Oru\Bundle\MeetingBundle\Entity\Meeting" field="meeting">
            <join-column name="meeting_id" nullable="false" />
        </one-to-one>
    </entity>
</doctrine-mapping>
