<?xml version="1.0" ?>

<container xmlns="http://symfony.com/schema/dic/services"
           xmlns:xsi="http://www.w3.org/2001/XMLSchema-instance"
           xsi:schemaLocation="http://symfony.com/schema/dic/services http://symfony.com/schema/dic/services/services-1.0.xsd">
    <services>
        <service id="oru_rest_soap.soap_handler" class="Oru\Bundle\RestSoapBundle\View\SoapHandler">
            <call method="setContainer">
                <argument type="service" id="service_container" />
            </call>
        </service>
        <service id="oru_rest_soap.view_handler" parent="fos_rest.view_handler.default">
            <call method="registerHandler">
                <argument type="string">soap</argument>
                <argument type="collection">
                    <argument type="service" id="oru_rest_soap.soap_handler" />
                    <argument type="string">createResponse</argument>
                </argument>
            </call>
        </service>
    </services>
</container>