<?xml version="1.0" encoding="utf-8"?>
<doctrine-mapping xmlns="http://doctrine-project.org/schemas/orm/doctrine-mapping" xmlns:xsi="http://www.w3.org/2001/XMLSchema-instance" xsi:schemaLocation="http://doctrine-project.org/schemas/orm/doctrine-mapping http://doctrine-project.org/schemas/orm/doctrine-mapping.xsd">
    <entity name="Oru\Bundle\BigBlueButtonBundle\Entity\Participant" table="oru_bigbluebutton_participant">
        <id name="id" type="integer" column="id">
            <generator strategy="AUTO"/>
        </id>
        <field name="connected" type="boolean" nullable="true" />
        <many-to-one target-entity="Session" field="session" inversed-by="participants" />
        <many-to-one field="user" target-entity="Symfony\Component\Security\Core\User\UserInterface">
            <join-column name="user_id" referenced-column-name="id" />
        </many-to-one>
    </entity>
</doctrine-mapping>
