<?xml version="1.0" ?>

<container xmlns="http://symfony.com/schema/dic/services"
    xmlns:xsi="http://www.w3.org/2001/XMLSchema-instance"
    xsi:schemaLocation="http://symfony.com/schema/dic/services http://symfony.com/schema/dic/services/services-1.0.xsd">

    <parameters>
        <parameter key="oru_sms.manager.class">Oru\Bundle\SmsBundle\Manager\SmsManager</parameter>
        <parameter key="oru_sms.transport_chain.class">Oru\Bundle\SmsBundle\Manager\TransportChain</parameter>
        <parameter key="oru_sms.factory.class">Oru\Bundle\SmsBundle\Factory\SmsFactory</parameter>
        <parameter key="oru_sms.twig.extension.class">Oru\Bundle\SmsBundle\Twig\Extension\SmsExtension</parameter>
    </parameters>

    <services>
        <service id="oru_sms.manager" class="%oru_sms.manager.class%">
            <argument type="service" id="doctrine.orm.entity_manager" />
            <argument type="service" id="oru_setting" />
            <argument type="service" id="oru_sms.transport_chain" />
            <argument type="service" id="kernel" />
            <call method="setSmsFactory">
                <argument type="service" id="oru_sms.factory" />
            </call>
            <call method="setSession">
                <argument type="service" id="session" />
            </call>
        </service>

        <service id="oru_sms.transport_chain" class="%oru_sms.transport_chain.class%" />

        <service id="oru_sms.transport.abstract" abstract="true">
            <call method="setSetting">
                <argument type="service" id="oru_setting" />
            </call>
        </service>

        <service id="oru_sms.transport.file" class="Oru\Bundle\SmsBundle\Transport\Mipih\FileTransport" parent="oru_sms.transport.abstract">
            <call method="setName">
                <argument>mipih_file</argument>
            </call>
            <call method="setCache">
                <argument>%kernel.cache_dir%/sms/</argument>
            </call>
            <tag name="oru_sms.transport" alias="mipih_file" />
        </service>

        <service id="oru_sms.transport.rest" class="Oru\Bundle\SmsBundle\Transport\Mipih\RestTransport" parent="oru_sms.transport.abstract">
            <call method="setName">
                <argument>mipih_rest</argument>
            </call>
            <argument type="service" id="oru_webclient.client" />
            <tag name="oru_sms.transport" alias="mipih_rest" />
        </service>

        <service id="oru_sms.factory" class="%oru_sms.factory.class%">
            <argument>%default_indicatif%</argument>
            <argument type="service" id="twig" />
        </service>
    </services>

</container>
