<?xml version="1.0" ?>

<container xmlns="http://symfony.com/schema/dic/services"
    xmlns:xsi="http://www.w3.org/2001/XMLSchema-instance"
    xsi:schemaLocation="http://symfony.com/schema/dic/services http://symfony.com/schema/dic/services/services-1.0.xsd">

    <services>
        <service id="oru_form_incremental.annotation_collector" class="Oru\Bundle\FormIncrementalBundle\Annotation\Collector">
            <argument type="service" id="doctrine.orm.default_entity_manager" />
            <argument type="service" id="annotations.reader" />
        </service>
        <service id="oru_form_incremental.cache_manager" class="Oru\Bundle\FormIncrementalBundle\Cache\Manager">
            <argument type="service" id="oru_form_incremental.annotation_collector" />
            <argument type="collection">
                <argument key="cache_dir">%kernel.cache_dir%/form-incremental</argument>
                <argument key="root_dir">%kernel.root_dir%</argument>
                <argument key="debug">%kernel.debug%</argument>
            </argument>
        </service>
        <service id="oru_form_incremental.incremental_form_subscriber" class="Oru\Bundle\FormIncrementalBundle\Form\Subscriber\IncrementalValiditySubscriber">
            <argument type="service" id="oru_form_incremental.cache_manager" />
        </service>
        <service id="oru_form_incremental_field_validity_description" class="Oru\Bundle\FormIncrementalBundle\Service\FieldValidityDescription">
            <argument type="service" id="oru_form_incremental.cache_manager" />
            <argument type="service" id="doctrine.orm.entity_manager" />
        </service>
    </services>
</container>
