<?xml version="1.0" ?>

<container xmlns="http://symfony.com/schema/dic/services"
           xmlns:xsi="http://www.w3.org/2001/XMLSchema-instance"
           xsi:schemaLocation="http://symfony.com/schema/dic/services http://symfony.com/schema/dic/services/services-1.0.xsd">

    <parameters>
        <parameter key="oru_version.manager.class">Oru\Bundle\VersionBundle\Manager\Manager</parameter>
        <parameter key="oru_version.git_manager.class">Oru\Bundle\VersionBundle\Manager\GitManager</parameter>
        <parameter key="oru_version.redmine_manager.class">Oru\Bundle\VersionBundle\Manager\RedmineManager</parameter>
    </parameters>

    <services>
        <service id="oru_version.manager" class="%oru_version.manager.class%">
            <argument type="service" id="doctrine.orm.entity_manager" />
            <argument type="service" id="oru_version.git_manager" />
            <argument type="service" id="event_dispatcher" />
            <argument type="service" id="oru_version.redmine_manager" />
            <argument type="collection">
                <argument key="cache_dir">%kernel.cache_dir%/install</argument>
            </argument>
        </service>

        <service id="oru_version.git_manager" class="%oru_version.git_manager.class%">
            <argument type="service" id="kernel" />
        </service>

        <service id="oru_version.redmine_manager" class="%oru_version.redmine_manager.class%">
            <argument type="collection">
                <argument key="redmine_api_key">%oru_version.redmine.api_key%</argument>
                <argument key="redmine_url">%oru_version.redmine.url%</argument>
                <argument key="redmine_url_locale">%oru_version.redmine.url_locale%</argument>
            </argument>
            <argument type="service" id="oru_webclient.webclient" />
        </service>
    </services>
</container>
