<?xml version="1.0" encoding="UTF-8" ?>

<routes xmlns="http://symfony.com/schema/routing"
    xmlns:xsi="http://www.w3.org/2001/XMLSchema-instance"
    xsi:schemaLocation="http://symfony.com/schema/routing http://symfony.com/schema/routing/routing-1.0.xsd">

    <route id="orubox" path="/">
        <default key="_controller">OruBoxBundle:Orubox:index</default>
    </route>

    <route id="orubox_filter" path="/filter">
        <default key="_controller">OruBoxBundle:Orubox:filter</default>
    </route>

    <route id="orubox_show" path="/{id}/show">
        <default key="_controller">OruBoxBundle:Orubox:show</default>
    </route>

    <route id="orubox_new" path="/new">
        <default key="_controller">OruBoxBundle:Orubox:new</default>
    </route>

    <route id="orubox_create" path="/create">
        <default key="_controller">OruBoxBundle:Orubox:create</default>
        <requirement key="method">post</requirement>
    </route>

    <route id="orubox_edit" path="/{id}/edit">
        <default key="_controller">OruBoxBundle:Orubox:edit</default>
    </route>

    <route id="orubox_update" path="/{id}/update">
        <default key="_controller">OruBoxBundle:Orubox:update</default>
        <requirement key="method">post|put</requirement>
    </route>

    <route id="orubox_delete" path="/{id}/delete">
        <default key="_controller">OruBoxBundle:Orubox:delete</default>
        <requirement key="method">post|delete</requirement>
    </route>

    <route id="orubox_running" path="/{id}/running">
        <default key="_controller">OruBoxBundle:Orubox:running</default>
    </route>

    <route id="orubox_import" path="/{demandeId}/import">
        <default key="_controller">OruBoxBundle:Orubox:import</default>
    </route>

    <route id="orubox_export" path="/export/{root}">
        <default key="_controller">OruBoxBundle:Orubox:export</default>
        <default key="root">0</default>
    </route>

</routes>
