<?xml version="1.0" encoding="utf-8"?>
<doctrine-mapping xmlns="http://doctrine-project.org/schemas/orm/doctrine-mapping" xmlns:xsi="http://www.w3.org/2001/XMLSchema-instance" xsi:schemaLocation="http://doctrine-project.org/schemas/orm/doctrine-mapping http://doctrine-project.org/schemas/orm/doctrine-mapping.xsd">
    <entity name="Oru\Bundle\CartoBundle\Entity\Iris" table="lst_iris_geo">
        <id name="id" type="integer" column="id"></id>
        <indexes>
            <index name="iris_geo_gist" columns="the_geom" flags="SPATIAL"></index>
        </indexes>
        <field name="theGeom" type="geometry" column="the_geom" nullable="true"/>
        <field name="depcom" type="string" length="5" column="depcom" nullable="true"/>
        <field name="nomCom" type="string" length="45" column="nom_com" nullable="true"/>
        <field name="iris" type="string" length="4" column="iris" nullable="true"/>
        <field name="nomIris" type="string" length="45" column="nom_iris" nullable="true"/>
        <field name="typeIris" type="string" length="1" column="typ_iris" nullable="true"/>
        <field name="origin" type="string" length="1" column="origin" nullable="true"/>
    </entity>
</doctrine-mapping>
