<?xml version="1.0" encoding="UTF-8"?>
<doctrine-mapping xmlns="http://doctrine-project.org/schemas/orm/doctrine-mapping"
                  xmlns:xsi="http://www.w3.org/2001/XMLSchema-instance"
                  xsi:schemaLocation="http://doctrine-project.org/schemas/orm/doctrine-mapping
                  http://doctrine-project.org/schemas/orm/doctrine-mapping.xsd"
                  xmlns:gedmo="http://gediminasm.org/schemas/orm/doctrine-extensions-mapping">
    <mapped-superclass name="Oru\Bundle\LstBundle\Entity\Lst">
        <indexes>
            <index columns="code" name="code_idx" />
            <index columns="rang" name="rang_idx" />
            <index columns="libelle" name="libelle_idx" />
        </indexes>
        <id name="id" type="integer" column="id">
            <generator strategy="AUTO" />
        </id>
        <field name="code" type="string" length="10" nullable="true" />
        <field name="libelle" type="string" length="255" nullable="true" />
        <field name="deleted" type="datetime" nullable="true" />
        <field name="created" type="datetime">
            <gedmo:timestampable on="create" />
        </field>
        <field name="updated" type="datetime">
            <gedmo:timestampable on="update" />
        </field>
        <field name="rang" type="integer" nullable="true" />
        <gedmo:soft-deleteable field-name="deleted" />
    </mapped-superclass>
</doctrine-mapping>
