<?xml version="1.0" encoding="UTF-8" ?>

<routes xmlns="http://symfony.com/schema/routing"
        xmlns:xsi="http://www.w3.org/2001/XMLSchema-instance"
        xsi:schemaLocation="http://symfony.com/schema/routing http://symfony.com/schema/routing/routing-1.0.xsd">

    <route id="lst_index" path="/{namespace}/">
        <default key="_controller">OruLstBundle:Lst:index</default>
    </route>

    <route id="lst" path="/{namespace}/{list}">
        <default key="_controller">OruLstBundle:Lst:lst</default>
    </route>

    <route id="lst_filter" path="/{namespace}/{list}/filter">
        <default key="_controller">OruLstBundle:Lst:filter</default>
    </route>

    <route id="lst_show" path="/{namespace}/{list}/{id}/show">
        <default key="_controller">OruLstBundle:Lst:show</default>
    </route>

    <route id="lst_new" path="/{namespace}/{list}/new">
        <default key="_controller">OruLstBundle:Lst:new</default>
    </route>

    <route id="lst_create" path="/{namespace}/{list}/create" methods="POST">
        <default key="_controller">OruLstBundle:Lst:create</default>
    </route>

    <route id="lst_edit" path="/{namespace}/{list}/{id}/edit">
        <default key="_controller">OruLstBundle:Lst:edit</default>
    </route>

    <route id="lst_update" path="/{namespace}/{list}/{id}/update" methods="POST|PUT">
        <default key="_controller">OruLstBundle:Lst:update</default>
    </route>

    <route id="lst_delete" path="/{namespace}/{list}/{id}/delete" methods="POST|DELETE">
        <default key="_controller">OruLstBundle:Lst:delete</default>
    </route>

    <route id="lst_undelete" path="/{namespace}/{list}/{id}/undelete" methods="POST">
        <default key="_controller">OruLstBundle:Lst:undelete</default>
    </route>

    <import resource="@OruLstBundle/Controller/LstRestController.php" type="rest" prefix="rest" />
</routes>