<?xml version="1.0" ?>

<container xmlns="http://symfony.com/schema/dic/services"
    xmlns:xsi="http://www.w3.org/2001/XMLSchema-instance"
    xsi:schemaLocation="http://symfony.com/schema/dic/services http://symfony.com/schema/dic/services/services-1.0.xsd">

    <parameters>
        <parameter key="oru_lst.lst_chain.class">Oru\Bundle\LstBundle\Chain\LstChain</parameter>
        <parameter key="oru_lst.form_chain.class">Oru\Bundle\LstBundle\Form\LstChainType</parameter>
        <parameter key="oru_lst.form.loader.class">Oru\Bundle\LstBundle\Form\LstLoaderType</parameter>
        <parameter key="oru_lst.super_admin.role">ROLE_LST_SUPER_ADMIN</parameter>
        <parameter key="oru_lst.admin.role">ROLE_LST_ADMIN</parameter>
        <parameter key="oru_lst.restricted_lists">%restricted_lists%</parameter>
    </parameters>

    <services>
        <service id="oru_lst.lst_chain" class="%oru_lst.lst_chain.class%" >
            <argument type="service" id="security.authorization_checker" />
            <argument>%oru_lst.admin.role%</argument>
        </service>

        <service id="oru_lst.alias" class="Oru\Bundle\LstBundle\Alias\LstAlias">
            <argument type="service" id="doctrine.orm.entity_manager" />
            <argument type="service" id="oru_lst.lst_chain" />
        </service>

        <service id="oru_lst.form_chain" class="%oru_lst.form_chain.class%">
            <argument type="service" id="oru_lst.lst_chain" />
            <argument type="service" id="translator" />
            <tag name="form.type" />
        </service>

        <service id="oru_lst.form.loader" class="%oru_lst.form.loader.class%">
            <argument type="service" id="security.authorization_checker" />
            <argument>%oru_lst.super_admin.role%</argument>
            <argument>%oru_lst.restricted_lists%</argument>
        </service>
    </services>
</container>
