<?xml version="1.0" encoding="utf-8"?>
<doctrine-mapping xmlns="http://doctrine-project.org/schemas/orm/doctrine-mapping" xmlns:xsi="http://www.w3.org/2001/XMLSchema-instance" xsi:schemaLocation="http://doctrine-project.org/schemas/orm/doctrine-mapping http://doctrine-project.org/schemas/orm/doctrine-mapping.xsd"
                  xmlns:gedmo="http://gediminasm.org/schemas/orm/doctrine-extensions-mapping" >
    <entity name="Oru\Bundle\VersionBundle\Entity\Version" table="oru_version" repository-class="Oru\Bundle\VersionBundle\Entity\VersionRepository">
        <id name="id" type="integer" column="id">
            <generator strategy="AUTO"/>
        </id>
        <field name="number" type="string" length="50" />
        <field name="createdAt" column="created_at" type="datetime">
            <gedmo:timestampable on="create" />
        </field>
    </entity>
</doctrine-mapping>
