<?xml version="1.0" ?>

<container xmlns="http://symfony.com/schema/dic/services"
    xmlns:xsi="http://www.w3.org/2001/XMLSchema-instance"
    xsi:schemaLocation="http://symfony.com/schema/dic/services http://symfony.com/schema/dic/services/services-1.0.xsd">

    <parameters>
        <parameter key="oru_bigbluebutton.session.factory.class">Oru\Bundle\BigBlueButtonBundle\Factory\SessionFactory</parameter>
        <parameter key="oru_bigbluebutton.provider.class">Oru\Bundle\BigBlueButtonBundle\Provider\BigBlueButtonProvider</parameter>
        <parameter key="oru_bigbluebutton.provider.securitySecret">%oru_bigbluebutton.provider.security_secret%</parameter>
        <parameter key="oru_bigbluebutton.provider.serverBaseUrl">%oru_bigbluebutton.provider.server_base_url%</parameter>
        <parameter key="oru_bigbluebutton.welcomeMessage">%oru_bigbluebutton.welcome_message%</parameter>
        <parameter key="oru_bigbluebutton.logoutRoute">%oru_bigbluebutton.logout_route%</parameter>
        <parameter key="oru_bigbluebutton.durationMax">%oru_bigbluebutton.duration_max%</parameter>
        <parameter key="oru_bigbluebutton.provider.audioUrl">%oru_bigbluebutton.provider.audio_url%</parameter>
        <parameter key="oru_bigbluebutton.provider.videoUrl">%oru_bigbluebutton.provider.video_url%</parameter>
    </parameters>

    <services>
        <service id="oru_bigbluebutton.provider" class="%oru_bigbluebutton.provider.class%">
            <argument>%oru_bigbluebutton.provider.securitySecret%</argument>
            <argument>%oru_bigbluebutton.provider.serverBaseUrl%</argument>
            <argument type="service" id="oru_webclient.client" />
        </service>

        <service id="oru_bigbluebutton.session.factory" class="%oru_bigbluebutton.session.factory.class%">
            <argument id="oru_bigbluebutton.provider" type="service" />
            <argument id="doctrine.orm.entity_manager" type="service" />
            <argument id="router" type="service" />
            <argument id="security.token_storage" type="service" />
            <argument id="oru_attachment.context" type="service" />
            <call method="setDefaultWelcomeMessage">
                <argument>%oru_bigbluebutton.welcomeMessage%</argument>
            </call>
            <call method="setDefaultLogoutRoute">
                <argument>%oru_bigbluebutton.logoutRoute%</argument>
            </call>
            <call method="setDurationMax">
                <argument>%oru_bigbluebutton.durationMax%</argument>
            </call>
            <call method="setAudioUrl">
                <argument>%oru_bigbluebutton.provider.audioUrl%</argument>
            </call>
            <call method="setVideoUrl">
                <argument>%oru_bigbluebutton.provider.videoUrl%</argument>
            </call>
        </service>
    </services>

</container>
