<?xml version="1.0" encoding="UTF-8" ?>
<pages xmlns="http://www.ror-paca.fr"
       xmlns:xsi="http://www.w3.org/2001/XMLSchema-instance"
       xsi:schemaLocation="http://www.ror-paca.fr ../../../../../../app/Resources/XmlSchema/pages.xsd">
    <page>
        <name>Configuration de rapports Jaspersoft</name>
        <route>oru_jaspersoft_config_report</route>
        <slug>oru_jaspersoft_config_report</slug>
        <credential>ORU_JASPERSOFT_ADMIN</credential>
        <short_description>Outil de création de statistiques.</short_description>
    </page>
</pages>