<?xml version="1.0" encoding="UTF-8" ?>
<pages xmlns="http://www.ror-paca.fr"
       xmlns:xsi="http://www.w3.org/2001/XMLSchema-instance"
       xsi:schemaLocation="http://www.ror-paca.fr ../../../../../../app/Resources/XmlSchema/pages.xsd">
    <page>
        <name>Gestion des taches planifiées</name>
        <route>oru_schedule_main</route>
        <!--<argument><navi>saisies|saisie_donnes_urgences</navi></argument>-->
        <slug>oru_schedule_main</slug>
        <credential>OruSchedule_admin</credential>
        <icon>icon-oru-user</icon>
        <short_description>Admin : Accès au module des tâches planifiées du Portail (ex : mailing automatique).</short_description>
    </page>

</pages>