<?xml version="1.0" encoding="UTF-8" ?>
        <pages xmlns="http://www.ror-paca.fr"
               xmlns:xsi="http://www.w3.org/2001/XMLSchema-instance"
               xsi:schemaLocation="http://www.ror-paca.fr ../../../../../../app/Resources/XmlSchema/pages.xsd">
    <page>
        <name>Plan bleu - liste</name>
        <route>oru_plan_bleu</route>
        <slug>oru_plan_bleu</slug>
        <credential>ORU_PLAN_BLEU_SHOW</credential>
        <icon>icon-oru-fiche</icon>
        <short_description>Accès à la liste des plans bleus sur la région.</short_description>
    </page>
</pages>