<?xml version="1.0" encoding="utf-8"?>
<doctrine-mapping xmlns="http://doctrine-project.org/schemas/orm/doctrine-mapping" xmlns:xsi="http://www.w3.org/2001/XMLSchema-instance" xsi:schemaLocation="http://doctrine-project.org/schemas/orm/doctrine-mapping http://doctrine-project.org/schemas/orm/doctrine-mapping.xsd"
                  xmlns:gedmo="http://gediminasm.org/schemas/orm/doctrine-extensions-mapping" >
    <entity name="Oru\Bundle\SmsBundle\Entity\Sms" table="oru_sms" repository-class="Oru\Bundle\SmsBundle\Entity\SmsRepository">
        <id name="id" type="integer" column="id">
            <generator strategy="AUTO"/>
        </id>
        <field name="status" type="string" length="20" />
        <field name="message" type="string" length="160" nullable="true" />
        <field name="environment" type="string" length="20" nullable="true" />
        <field name="transport" type="string" length="20" nullable="true" />
        <field name="createdAt" column="created_at" type="datetime">
            <gedmo:timestampable on="create" />
        </field>
        <field name="updatedAt" column="updated_at" type="datetime">
            <gedmo:timestampable on="update" />
        </field>
        <field name="createdBy" column="created_by" type="string" length="255" nullable="true">
            <gedmo:blameable on="create" />
        </field>
        <field name="updatedBy" column="updated_by" type="string" length="255" nullable="true">
            <gedmo:blameable on="update" />
        </field>
        <one-to-many target-entity="Oru\Bundle\SmsBundle\Entity\Destinataire" mapped-by="sms" field="destinataires">
            <cascade>
                <cascade-persist/>
                <cascade-remove/>
            </cascade>
        </one-to-many>
        <indexes>
            <index columns="created_at"></index>
            <index columns="status"></index>
            <index columns="environment"></index>
        </indexes>
    </entity>
</doctrine-mapping>
