<?xml version="1.0" encoding="utf-8"?>
<doctrine-mapping xmlns="http://doctrine-project.org/schemas/orm/doctrine-mapping" xmlns:xsi="http://www.w3.org/2001/XMLSchema-instance" xsi:schemaLocation="http://doctrine-project.org/schemas/orm/doctrine-mapping http://doctrine-project.org/schemas/orm/doctrine-mapping.xsd"
        xmlns:gedmo="http://gediminasm.org/schemas/orm/doctrine-extensions-mapping" >
    <entity name="Oru\Bundle\LogBundle\Entity\LogSession" table="oru_log_session" repository-class="Oru\Bundle\LogBundle\Entity\LogSessionRepository">
        <id name="id" type="integer" column="id">
            <generator strategy="AUTO"/>
        </id>
        <field name="session" type="string" length="100" nullable="true" />
        <one-to-many field="log" target-entity="LogNew" mapped-by="session" />

        <indexes>
            <index columns="session"></index>
        </indexes>

        <unique-constraints>
            <unique-constraint columns="session"></unique-constraint>
        </unique-constraints>
    </entity>
</doctrine-mapping>
