<?xml version="1.0" encoding="utf-8"?>
<doctrine-mapping xmlns="http://doctrine-project.org/schemas/orm/doctrine-mapping" xmlns:xsi="http://www.w3.org/2001/XMLSchema-instance" xsi:schemaLocation="http://doctrine-project.org/schemas/orm/doctrine-mapping http://doctrine-project.org/schemas/orm/doctrine-mapping.xsd">
    <entity name="Oru\Bundle\AddressBundle\Entity\AddressLogEntry" table="oru_address_log_entries" repository-class="Gedmo\Loggable\Entity\Repository\LogEntryRepository" >
        <id name="id" type="integer" column="id">
            <generator strategy="AUTO"/>
        </id>
        <field name="action" length="8" />
        <field name="loggedAt" column="logged_at" type="datetime" />
        <field name="objectId" column="object_id" length="64" nullable="true" />
        <field name="objectClass" column="object_class" length="255" />
        <field name="version" type="integer" />
        <field name="data" type="array" nullable="true" />
        <field name="username" length="255" nullable="true" />
        <indexes>
            <index name="log_class_lookup_idx" columns="object_class" />
            <index name="log_date_lookup_idx" columns="logged_at" />
            <index name="log_user_lookup_idx" columns="username" />
            <index name="log_version_lookup_idx" columns="object_id,object_class,version" />
            <index name="log_id_lookup_idx" columns="object_id" />
        </indexes>
    </entity>
</doctrine-mapping>
