<?xml version="1.0" encoding="UTF-8" ?>

<routes xmlns="http://symfony.com/schema/routing"
        xmlns:xsi="http://www.w3.org/2001/XMLSchema-instance"
        xsi:schemaLocation="http://symfony.com/schema/routing http://symfony.com/schema/routing/routing-1.0.xsd">

    <route id="patient_search_by_nom" pattern="/patient/patients.{_format}">
        <default key="_controller">OruPatientBundle:Patient:searchPatients</default>
        <default key="_format">json</default>
        <requirement key="_format">json</requirement>
        <requirement key="_method">get</requirement>
    </route>

    <route id="patient_by_ids" pattern="/patient/ids/{_ids}.{_format}">
        <default key="_controller">OruPatientBundle:Patient:getPatientsByIds</default>
        <default key="_format">json</default>
        <requirement key="_format">json</requirement>
        <requirement key="_method">get</requirement>
    </route>

    <route id="patient_new" pattern="/patient/new">
        <default key="_controller">OruPatientBundle:Patient:new</default>
    </route>

    <route id="patient_create" pattern="/patient/create">
        <default key="_controller">OruPatientBundle:Patient:create</default>
        <requirement key="_method">post</requirement>
    </route>

</routes>
