<?xml version="1.0" encoding="utf-8"?>
<doctrine-mapping xmlns="http://doctrine-project.org/schemas/orm/doctrine-mapping" xmlns:xsi="http://www.w3.org/2001/XMLSchema-instance" xsi:schemaLocation="http://doctrine-project.org/schemas/orm/doctrine-mapping http://doctrine-project.org/schemas/orm/doctrine-mapping.xsd"
        xmlns:gedmo="http://gediminasm.org/schemas/orm/doctrine-extensions-mapping">
    <entity repository-class="Oru\Bundle\BigBlueButtonBundle\Entity\SessionRepository" name="Oru\Bundle\BigBlueButtonBundle\Entity\Session" table="oru_bigbluebutton_session">
        <id name="id" type="integer" column="id">
            <generator strategy="AUTO"/>
        </id>
        <field name="name" type="string" column="name" length="100" />
        <field name="password" type="string" length="255" />
        <field name="moderatorPassword" type="string" length="255" nullable="true" />
        <field name="welcomeMessage" type="string" length="255" nullable="true" />
        <field name="logoutUrl" type="string" length="255" nullable="true" />
        <field name="record" type="boolean" column="record" nullable="true" />
        <field name="begin" type="datetime" />
        <field name="duration" type="time" nullable="true" />
        <field name="created" type="datetime">
            <gedmo:timestampable on="create" />
        </field>
        <field name="mailed" type="datetime" nullable="true" />
        <one-to-many target-entity="Participant" mapped-by="session" field="participants" >
            <cascade>
                <cascade-persist/>
                <cascade-remove/>
            </cascade>
        </one-to-many>
  </entity>
</doctrine-mapping>
