<?xml version="1.0" encoding="utf-8"?>
<doctrine-mapping xmlns="http://doctrine-project.org/schemas/orm/doctrine-mapping" xmlns:xsi="http://www.w3.org/2001/XMLSchema-instance" xsi:schemaLocation="http://doctrine-project.org/schemas/orm/doctrine-mapping http://doctrine-project.org/schemas/orm/doctrine-mapping.xsd"
                  xmlns:gedmo="http://gediminasm.org/schemas/orm/doctrine-extensions-mapping">
  <entity name="Oru\Bundle\BoxBundle\Entity\Demande" repository-class="Oru\Bundle\BoxBundle\Entity\OruboxRepository" table="oru_box_demande">
    <id name="id" type="integer" column="id">
      <generator strategy="AUTO"/>
    </id>
    <field name="demandeId" type="string" column="demande_id" length="255" nullable="false" />
    <field name="created" type="datetime">
      <gedmo:timestampable on="create" />
    </field>
    <field name="updated" type="datetime">
      <gedmo:timestampable on="update" />
    </field>
    <many-to-one field="orubox" target-entity="Oru\Bundle\BoxBundle\Entity\Orubox" inversed-by="demandes" />
    <many-to-one field="patient" target-entity="Oru\Bundle\PatientBundle\Entity\Patient" />
      
    <unique-constraints>
        <unique-constraint columns="orubox_id,demande_id"/>
    </unique-constraints>
  </entity>
</doctrine-mapping>

        