<?xml version="1.0" ?>

<container xmlns="http://symfony.com/schema/dic/services"
           xmlns:xsi="http://www.w3.org/2001/XMLSchema-instance"
           xsi:schemaLocation="http://symfony.com/schema/dic/services http://symfony.com/schema/dic/services/services-1.0.xsd">

    <services>
        <service id="oru_app.oru_cache" class="Doctrine\Common\Cache\FilesystemCache">
            <argument>%kernel.cache_dir%/doctrine/orucache</argument>
        </service>
        <service id="oru_app.cache_validator_manager" class="Oru\Bundle\AppBundle\Cache\CacheManager">
            <factory class="Oru\Bundle\AppBundle\Cache\CacheFactory" method="createCacheManager" />
            <argument>%kernel.cache_dir%/validator</argument>
            <argument>Oru\Bundle\AppBundle\Cache\Formatter\SerializedFormatter</argument>
            <argument>Oru\Bundle\AppBundle\Cache\Formatter\FilenameClassCreator</argument>
        </service>
        <service id="oru_app.validator_cache" class="Oru\Bundle\AppBundle\Cache\MetadataValidatorCache">
            <argument type="service" id="oru_app.cache_validator_manager" />
        </service>
    </services>
</container>