<?xml version="1.0" encoding="utf-8"?>
<doctrine-mapping xmlns="http://doctrine-project.org/schemas/orm/doctrine-mapping"
                  xmlns:xsi="http://www.w3.org/2001/XMLSchema-instance" xsi:schemaLocation="http://doctrine-project.org/schemas/orm/doctrine-mapping http://doctrine-project.org/schemas/orm/doctrine-mapping.xsd"
                  xmlns:gedmo="http://gediminasm.org/schemas/orm/doctrine-extensions-mapping">
    <entity name="Oru\Bundle\PlanBleuBundle\Entity\Identification" table="oru_plan_bleu_identification" repository-class="Oru\Bundle\PlanBleuBundle\Entity\IdentificationRepository">
        <id name="id" type="integer" column="id">
            <generator strategy="AUTO"/>
        </id>

        <field name="handicapType" nullable="true" column="handicap_type" type="string" length="255" />

        <many-to-one field="etablissement" target-entity="EtablissementInterface" />
        <one-to-one target-entity="PlanBleu" field="planBleu" mapped-by="identification" />
    </entity>
</doctrine-mapping>