<?xml version="1.0" encoding="UTF-8" ?>

<routes xmlns="http://symfony.com/schema/routing"
    xmlns:xsi="http://www.w3.org/2001/XMLSchema-instance"
    xsi:schemaLocation="http://symfony.com/schema/routing http://symfony.com/schema/routing/routing-1.0.xsd">

    <route id="sms" path="/">
        <default key="_controller">OruSmsBundle:Sms:index</default>
    </route>

    <route id="sms_filter" path="/filter">
        <default key="_controller">OruSmsBundle:Sms:filter</default>
    </route>

    <route id="sms_show" path="/{id}/show">
        <default key="_controller">OruSmsBundle:Sms:show</default>
    </route>

</routes>
