<?xml version="1.0" encoding="utf-8"?>
<doctrine-mapping xmlns="http://doctrine-project.org/schemas/orm/doctrine-mapping" xmlns:xsi="http://www.w3.org/2001/XMLSchema-instance" xmlns:gedmo="http://gediminasm.org/schemas/orm/doctrine-extensions-mapping" xsi:schemaLocation="http://doctrine-project.org/schemas/orm/doctrine-mapping http://doctrine-project.org/schemas/orm/doctrine-mapping.xsd">
  <entity name="Oru\Bundle\AddressBundle\Entity\Address" table="oru_address">
    <id name="id" type="integer" column="id">
      <generator strategy="AUTO"/>
    </id>
    <field name="numero" type="string" column="numero" length="10" nullable="true">
      <gedmo:versioned/>
    </field>
    <field name="numeroComplement" type="string" column="numero_complement" length="10" nullable="true">
      <gedmo:versioned/>
    </field>
    <many-to-one target-entity="LstTypeVoie" field="typeVoie">
      <join-column name="type_voie_id" />
      <gedmo:versioned/>
    </many-to-one>
    <field name="voie" type="string" column="voie" length="255" nullable="true">
      <gedmo:versioned/>
    </field>
    <field name="code" type="string" column="code" length="20" nullable="true">
      <gedmo:versioned/>
    </field>
    <field name="commune" type="string" column="commune" length="100" nullable="true">
      <gedmo:versioned/>
    </field>
    <many-to-one target-entity="LstCodePostal" field="codePostal">
      <join-column name="code_postal_id" />
      <gedmo:versioned/>
    </many-to-one>
    <many-to-one target-entity="LstTerritoire" field="territoire">
      <gedmo:versioned/>
    </many-to-one>
    <many-to-one target-entity="LstDepartement" field="departement">
      <gedmo:versioned/>
    </many-to-one>
    <field name="adresse" type="string" column="adresse" length="255" nullable="true">
      <gedmo:versioned/>
    </field>
    <field name="adresseComplement" type="text" column="adresse_complement" nullable="true">
      <gedmo:versioned/>
    </field>
    <field name="pays" type="string" column="pays" length="2" nullable="true">
      <gedmo:versioned/>
    </field>
    <field name="created" type="datetime">
      <gedmo:timestampable on="create" />
    </field>
    <field name="updated" type="datetime">
      <gedmo:timestampable on="update" />
    </field>
    <indexes>
      <index columns="code_postal_id"></index>
    </indexes>
    <gedmo:loggable log-entry-class="Oru\Bundle\AddressBundle\Entity\AddressLogEntry" />
  </entity>
</doctrine-mapping>
