<?xml version="1.0" encoding="utf-8"?>
<doctrine-mapping xmlns="http://doctrine-project.org/schemas/orm/doctrine-mapping" xmlns:xsi="http://www.w3.org/2001/XMLSchema-instance" xsi:schemaLocation="http://doctrine-project.org/schemas/orm/doctrine-mapping http://doctrine-project.org/schemas/orm/doctrine-mapping.xsd"
                  xmlns:gedmo="http://gediminasm.org/schemas/orm/doctrine-extensions-mapping">
  <entity repository-class="Oru\Bundle\AddressBundle\Entity\ZoneInterventionRepository" name="Oru\Bundle\AddressBundle\Entity\ZoneIntervention" table="oru_address_zone_intervention">
    <id name="id" type="integer" column="id">
      <generator strategy="AUTO"/>
    </id>
      <field name="created" type="datetime">
          <gedmo:timestampable on="create" />
      </field>
      <field name="updated" type="datetime">
          <gedmo:timestampable on="update" />
      </field>
    <field name="nom" type="string" length="255" nullable="true"></field>
    <field name="description" type="text"  nullable="true"></field>
    <one-to-one field="zoneGeographique" target-entity="Oru\Bundle\AddressBundle\Entity\ZoneGeographique">
        <join-columns>
            <join-column name="zone_geographique_id"/>
        </join-columns>
        <cascade>
            <cascade-persist/>
            <cascade-remove/>
        </cascade>
    </one-to-one>
  </entity>
</doctrine-mapping>
