<?xml version="1.0" ?>

<container xmlns="http://symfony.com/schema/dic/services"
    xmlns:xsi="http://www.w3.org/2001/XMLSchema-instance"
    xsi:schemaLocation="http://symfony.com/schema/dic/services http://symfony.com/schema/dic/services/services-1.0.xsd">


    <parameters>
        <parameter key="oru_mail.mailer.class">Oru\Bundle\MailBundle\Mailer\Mailer</parameter>
    </parameters>

    <services>
        <service id="oru_mail.mailer" class="%oru_mail.mailer.class%">
            <argument type="service" id="mailer" />
            <argument type="service" id="router" />
            <argument type="service" id="templating" />
            <argument type="service" id="oru_setting" />
            <argument type="service" id="twig" />
            <argument>%kernel.environment%</argument>
        </service>
    </services>

</container>
