<?xml version="1.0" ?>

<container xmlns="http://symfony.com/schema/dic/services"
           xmlns:xsi="http://www.w3.org/2001/XMLSchema-instance"
           xsi:schemaLocation="http://symfony.com/schema/dic/services http://symfony.com/schema/dic/services/services-1.0.xsd">
    <parameters>
        <parameter key="oru_log.log_helper.class">Oru\Bundle\LogBundle\Helper\LogHelper</parameter>
    </parameters>

    <services>
        <service id="oru_log.log_manager" class="Oru\Bundle\LogBundle\Log\LogManager">
            <argument type="service" id="logger" />
            <tag name="monolog.logger" channel="oru_log_channel" />
        </service>
        <service id="oru_log.log_listener" class="Oru\Bundle\LogBundle\EventListener\LogListener">
            <tag name="kernel.event_listener" event="kernel.terminate" method="onKernelTerminate" />
            <argument type="service" id="oru_log.log_manager" />
        </service>
        <service id="oru_log.log_processor" class="Oru\Bundle\LogBundle\Processor\LogProcessor">
            <call method="setKernel">
                <argument type="service" id="kernel" on-invalid="ignore" />
            </call>
            <call method="setSession">
                <argument type="service" id="session" />
            </call>
            <call method="setSecurityContext">
                <argument type="service" id="security.token_storage" />
            </call>
            <call method="setLogger">
                <argument type="service" id="doctrine" />
            </call>
            <call method="setHelper">
                <argument type="service" id="oru_log.log_helper" />
            </call>
            <tag name="kernel.event_listener" event="kernel.terminate" method="onKernelTerminate" />
            <tag name="monolog.processor" channels="oru_log_channel" />
        </service>
        <service id="oru_log.log_web_processor" class="Monolog\Processor\WebProcessor">
            <tag name="monolog.processor" channels="oru_log_channel" />
        </service>
        <service id="oru_log.log_storage" class="Oru\Bundle\LogBundle\Storage\LogStorage">
            <call method="setEntityManager">
                <argument id="doctrine.orm.entity_manager" type="service" />
            </call>
        </service>
        <service id="oru_log.log_helper" class="%oru_log.log_helper.class%">
            <call method="setRequest">
                <argument type="service" id="request" on-invalid="null" strict="false" />
            </call>
        </service>
    </services>
</container>