<?xml version="1.0" encoding="utf-8"?>
<doctrine-mapping xmlns="http://doctrine-project.org/schemas/orm/doctrine-mapping" xmlns:xsi="http://www.w3.org/2001/XMLSchema-instance" xsi:schemaLocation="http://doctrine-project.org/schemas/orm/doctrine-mapping http://doctrine-project.org/schemas/orm/doctrine-mapping.xsd"
        xmlns:gedmo="http://gediminasm.org/schemas/orm/doctrine-extensions-mapping" >
    <entity name="Oru\Bundle\LogBundle\Entity\LogProfiler" table="oru_log_profiler">
        <id name="id" type="integer" column="id">
            <generator strategy="AUTO"/>
        </id>
        <field name="time" type="decimal" precision="9" scale="2" nullable="true" />
        <field name="memory" type="integer" nullable="true" />
        <field name="queries" type="smallint" nullable="true" />
        <one-to-one field="log" target-entity="LogNew" inversed-by="profiler">
            <join-column name="log_id" referenced-column-name="id" on-delete="CASCADE" />
        </one-to-one>
    </entity>
</doctrine-mapping>
