<?xml version="1.0" encoding="utf-8"?>
<doctrine-mapping xmlns="http://doctrine-project.org/schemas/orm/doctrine-mapping" xmlns:xsi="http://www.w3.org/2001/XMLSchema-instance" xsi:schemaLocation="http://doctrine-project.org/schemas/orm/doctrine-mapping http://doctrine-project.org/schemas/orm/doctrine-mapping.xsd">
  <entity repository-class="Oru\Bundle\JaspersoftBundle\Entity\ReportRepository" name="Oru\Bundle\JaspersoftBundle\Entity\Report" table="oru_jaspersoft_report">
    <id name="id" type="integer" column="id">
      <generator strategy="AUTO"/>
    </id>
    <field name="name" type="string" column="name" length="255"/>
    <field name="description" type="text" column="description" nullable="true"/>
    <field name="idRapport" type="string" column="id_rapport" length="255"/>
    <field name="userJasper" type="string" column="user_jasper" length="255"/>
    <field name="passJasper" type="string" column="pass_jasper" length="255"/>
    <field name="dateDebut" type="datetime" column="date_debut" nullable="true"/>
    <field name="dateFin" type="datetime" column="date_fin" nullable="true"/>
    <field name="dureeMois" type="integer" column="duree_mois" nullable="true"/>
    <field name="options" type="json_array" column="options" nullable="true"/>
    <field name="exportExcel" type="boolean" column="export_excel" nullable="true"/>
    <field name="etablissementObligatoire" type="boolean" column="etablissement_obligatoire" nullable="true"/>
    <field name="dateDebutObligatoire" type="boolean" column="date_debut_obligatoire" nullable="true"/>
    <field name="dateFinObligatoire" type="boolean" column="date_fin_obligatoire" nullable="true"/>
    <field name="etablissementDesactive" type="boolean" column="etablissement_desactive" nullable="true"/>
    <field name="dateDebutDesactive" type="boolean" column="date_debut_desactive" nullable="true"/>
    <field name="dateFinDesactive" type="boolean" column="date_fin_desactive" nullable="true"/>
    <field name="texteExplicatif" type="text" column="texte_explicatif" nullable="true"/>

      <many-to-one field="credential" target-entity="Oru\Bundle\RorCredentialsBundle\Entity\Credential" >
          <join-column name="credential_id" on-delete="SET NULL"></join-column>
      </many-to-one>
      
      <many-to-many target-entity="Oru\Bundle\SettingBundle\Entity\Setting" field="settings">
          <join-table name="oru_jaspersoft_report_setting_asso">
              <join-columns>
                  <join-column/>
              </join-columns>
              <inverse-join-columns>
                  <join-column/>
              </inverse-join-columns>
          </join-table>
      </many-to-many>

  </entity>
</doctrine-mapping>
