<?xml version="1.0" encoding="utf-8"?>
<doctrine-mapping xmlns="http://doctrine-project.org/schemas/orm/doctrine-mapping" xmlns:xsi="http://www.w3.org/2001/XMLSchema-instance" xsi:schemaLocation="http://doctrine-project.org/schemas/orm/doctrine-mapping http://doctrine-project.org/schemas/orm/doctrine-mapping.xsd">
  <entity name="Oru\Bundle\CartoBundle\Entity\Dept" table="lst_departement_geo">
    <id name="gid" type="integer" column="gid">
      <generator strategy="SEQUENCE"/>
    </id>
    <field name="idGeofla" type="string" column="id_geofla" length="24" nullable="true"/>
    <field name="codeDept" type="string" column="code_dept" length="3" nullable="true"/>
    <field name="nomDept" type="string" column="nom_dept" length="30" nullable="true"/>
    <field name="codeChf" type="string" column="code_chf" length="3" nullable="true"/>
    <field name="nomChf" type="string" column="nom_chf" length="50" nullable="true"/>
    <field name="xChfLieu" type="integer" column="x_chf_lieu" nullable="true"/>
    <field name="yChfLieu" type="integer" column="y_chf_lieu" nullable="true"/>
    <field name="xCentroid" type="integer" column="x_centroid" nullable="true"/>
    <field name="yCentroid" type="integer" column="y_centroid" nullable="true"/>
    <field name="codeReg" type="string" column="code_reg" length="2" nullable="true"/>
    <field name="nomReg" type="string" column="nom_reg" length="30" nullable="true"/>
    <field name="theGeom" type="geometry" column="the_geom" nullable="true"/>
  </entity>
</doctrine-mapping>
