<?xml version="1.0" encoding="UTF-8" ?>

<routes xmlns="http://symfony.com/schema/routing"
        xmlns:xsi="http://www.w3.org/2001/XMLSchema-instance"
        xsi:schemaLocation="http://symfony.com/schema/routing http://symfony.com/schema/routing/routing-1.0.xsd">

    <route id="oru_setting" path="/">
        <default key="_controller">OruSettingBundle:Setting:index</default>
    </route>
    <route id="oru_setting_filter" path="/filter" methods="POST">
        <default key="_controller">OruSettingBundle:Setting:filter</default>
    </route>
    <route id="oru_setting_edit" path="/{id}/edit">
        <requirement key="id">\d+</requirement>
        <default key="_controller">OruSettingBundle:Setting:edit</default>
    </route>
    <route id="oru_setting_update" path="/{id}" methods="POST">
        <requirement key="id">\d+</requirement>
        <default key="_controller">OruSettingBundle:Setting:update</default>
    </route>
    <route id="oru_setting_new" path="/new">
        <default key="_controller">OruSettingBundle:Setting:new</default>
    </route>
    <route id="oru_setting_create" path="/create" methods="POST">
        <default key="_controller">OruSettingBundle:Setting:create</default>
    </route>
    <route id="oru_setting_delete" path="/{id}/delete" methods="DELETE">
        <requirement key="id">\d+</requirement>
        <default key="_controller">OruSettingBundle:Setting:delete</default>
    </route>
</routes>
