<?xml version="1.0" ?>

<container xmlns="http://symfony.com/schema/dic/services"
    xmlns:xsi="http://www.w3.org/2001/XMLSchema-instance"
    xsi:schemaLocation="http://symfony.com/schema/dic/services http://symfony.com/schema/dic/services/services-1.0.xsd">

    <parameters>
        <parameter key="oru_translation.loader.orm.class">Oru\Bundle\TranslationBundle\Loader\OrmLoader</parameter>
        <parameter key="oru_translation.listing.class">Oru\Bundle\TranslationBundle\Listing\TranslationListingType</parameter>
        <parameter key="oru_translation.cache_refresh.class">Oru\Bundle\TranslationBundle\Cache\Refresh</parameter>
        <parameter key="oru_translation.form.class">Oru\Bundle\TranslationBundle\Form\TranslationType</parameter>
    </parameters>

    <services>
        <service id="oru_translation.loader.orm" class="%oru_translation.loader.orm.class%">
            <argument type="service" id="doctrine.orm.default_entity_manager" />
            <argument type="service" id="validator" />
            <tag name="translation.loader" alias="orm" />
        </service>
        <service id="oru_translation.listing" class="%oru_translation.listing.class%">
            <argument type="service" id="security.csrf.token_manager" />
        </service>
        <service id="oru_translation.cache_refresh" class="%oru_translation.cache_refresh.class%">
            <argument type="service" id="filesystem" />
            <argument type="string">%kernel.cache_dir%/translations</argument>
        </service>
        <service id="oru_translation.form" class="%oru_translation.form.class%">
            <argument type="service" id="doctrine.orm.entity_manager" />
        </service>
        <service id="oru_translation.dynamic_security" class="Oru\Bundle\TranslationBundle\Security\DynamicSecurity">
            <argument type="service" id="security.authorization_checker" />
        </service>
    </services>
</container>
