<?xml version="1.0" encoding="UTF-8" ?>

<routes xmlns="http://symfony.com/schema/routing"
        xmlns:xsi="http://www.w3.org/2001/XMLSchema-instance"
        xsi:schemaLocation="http://symfony.com/schema/routing http://symfony.com/schema/routing/routing-1.0.xsd">

    <route id="oru_error" path="/">
        <default key="_controller">OruErrorLoggerBundle:Error:index</default>
    </route>
    <route id="oru_error_filter" path="/filter">
        <default key="_method">POST</default>
        <default key="_controller">OruErrorLoggerBundle:Error:filter</default>
    </route>
    <route id="oru_error_show" path="/{id}">
        <requirement key="id">\d+</requirement>
        <default key="_controller">OruErrorLoggerBundle:Error:show</default>
    </route>
    <route id="oru_notfound" path="/not-found">
        <default key="_controller">OruErrorLoggerBundle:Error:notFound</default>
    </route>
    <route id="oru_error_stop" path="/{id}/stop">
        <requirement key="id">\d+</requirement>
        <default key="_controller">OruErrorLoggerBundle:Error:stop</default>
    </route>
</routes>
