<?xml version="1.0" encoding="UTF-8" ?>
        <pages xmlns="http://www.ror-paca.fr"
               xmlns:xsi="http://www.w3.org/2001/XMLSchema-instance"
               xsi:schemaLocation="http://www.ror-paca.fr ../../../../../../app/Resources/XmlSchema/pages.xsd">
    <page>
        <name>Erreurs de l'application</name>
        <route>oru_error</route>
        <slug>oru_error</slug>
        <credential>ORU_ROR_ADMIN</credential>
        <short_description>Admin : Accès à la consultation des erreurs générées par l’application.</short_description>
    </page>
</pages>