<?xml version="1.0" encoding="UTF-8" ?>
        <pages xmlns="http://www.ror-paca.fr"
               xmlns:xsi="http://www.w3.org/2001/XMLSchema-instance"
               xsi:schemaLocation="http://www.ror-paca.fr ../../../../../../app/Resources/XmlSchema/pages.xsd">
    <page>
        <name>Gestion des libellés - liste</name>
        <route>oru_translation</route>
        <slug>oru_translation</slug>
        <credential>ORU_TRANSLATION</credential>
    </page>
    <page>
        <name>Gestion des libellés - créer</name>
        <route>oru_translation_new</route>
        <slug>oru_translation_new</slug>
        <credential>ORU_TRANSLATION</credential>
    </page>
</pages>