<?xml version="1.0" encoding="UTF-8" ?>
        <pages xmlns="http://www.ror-paca.fr"
               xmlns:xsi="http://www.w3.org/2001/XMLSchema-instance"
               xsi:schemaLocation="http://www.ror-paca.fr ../../../../../../app/Resources/XmlSchema/pages.xsd">
    <page>
        <name>Formulaire ESMS - liste</name>
        <route>oru_esms</route>
        <slug>oru_esms</slug>
        <credential>ORU_ESMS_EDIT</credential>
    </page>
    <page>
        <name>Formulaire ESMS - export</name>
        <route>oru_esms_export</route>
        <slug>oru_esms_export</slug>
        <credential>ORU_ESMS_EDIT</credential>
    </page>
</pages>