<?xml version="1.0" ?>

<container xmlns="http://symfony.com/schema/dic/services"
           xmlns:xsi="http://www.w3.org/2001/XMLSchema-instance"
           xsi:schemaLocation="http://symfony.com/schema/dic/services http://symfony.com/schema/dic/services/services-1.0.xsd">

    <parameters>
        <parameter key="oru_setting.class">Oru\Bundle\SettingBundle\Setting\Setting</parameter>
        <parameter key="oru_setting.dumper.class">Oru\Bundle\SettingBundle\Setting\Dumper</parameter>
        <parameter key="oru_setting.loader.orm.class">Oru\Bundle\SettingBundle\Loader\OrmLoader</parameter>
        <parameter key="oru_setting.listing.class">Oru\Bundle\SettingBundle\Listing\SettingListingType</parameter>
        <parameter key="oru_setting.form.class">Oru\Bundle\SettingBundle\Form\SettingType</parameter>
        <parameter key="oru_setting.filter_form.class">Oru\Bundle\SettingBundle\Form\Filter\SettingFilterType</parameter>
        <parameter key="oru_setting.value_array_item.form.class">Oru\Bundle\SettingBundle\Form\SettingValueArrayItemType</parameter>
        <parameter key="oru_setting.delete_voter.class">Oru\Bundle\SettingBundle\Voter\DeleteVoter</parameter>
        <parameter key="oru_setting.cache_refresh.class">Oru\Bundle\SettingBundle\Cache\Refresh</parameter>
        <parameter key="oru_setting.setting_value_subscriber.class">Oru\Bundle\SettingBundle\Form\Subscriber\SettingValueTypeSubscriber</parameter>
        <parameter key="oru_setting.twig.extension.form.class">Oru\Bundle\SettingBundle\Twig\Extension\FormExtension</parameter>
        <parameter key="oru_setting.twig.extension.setting.class">Oru\Bundle\SettingBundle\Twig\Extension\SettingExtension</parameter>
        <parameter key="oru_setting.registered_bundles.class">Oru\Bundle\SettingBundle\Bundle\Registered</parameter>
        <parameter key="oru_setting.doctrine_load_listener.class">Oru\Bundle\SettingBundle\Doctrine\LoadListener</parameter>
    </parameters>

    <services>
        <service id="oru_setting" class="%oru_setting.class%">
            <argument type="service" id="service_container" />
            <argument type="collection" /> <!-- setting loaders -->
            <argument type="collection">
                <argument key="cache_dir">%kernel.cache_dir%/settings</argument>
                <argument key="debug">%kernel.debug%</argument>
            </argument>
        </service>
        <service id="oru_setting.dumper" class="%oru_setting.dumper.class%">
            <argument type="service" id="oru_setting" />
            <argument type="string">%kernel.cache_dir%</argument>
        </service>
        <service id="oru_setting.loader.orm" class="%oru_setting.loader.orm.class%">
            <argument type="service" id="doctrine.orm.default_entity_manager" />
            <tag name="oru.setting.loader" alias="orm" />
        </service>
        <service id="oru_setting.listing" class="%oru_setting.listing.class%">
            <argument type="service" id="security.csrf.token_manager" />
        </service>
        <service id="oru_setting.form" class="%oru_setting.form.class%">
            <argument type="service" id="oru_setting.setting_value_subscriber" />
            <tag name="form.type" />
        </service>
        <service id="oru_setting.filter_form" class="%oru_setting.filter_form.class%">
            <argument type="service" id="oru_setting.registered_bundles" />
            <argument type="service" id="doctrine.orm.default_entity_manager" />
            <tag name="form.type" />
        </service>
        <service id="oru_setting.value_array_item.form" class="%oru_setting.value_array_item.form.class%">
            <tag name="form.type" />
        </service>
        <service id="oru_setting.delete_voter" class="%oru_setting.delete_voter.class%" public="false">
            <argument type="service" id="logger" />
            <tag name="security.voter" />
        </service>
        <service id="oru_setting.cache_refresh" class="%oru_setting.cache_refresh.class%">
            <argument type="service" id="filesystem" />
            <argument type="service" id="doctrine.orm.default_entity_manager" />
            <argument type="service" id="logger" />
            <argument type="string">%kernel.cache_dir%/settings</argument>
            <call method="setCurrentRegion">
                <argument type="string">%region%</argument>
            </call>
        </service>
        <service id="oru_setting.setting_value_subscriber" class="%oru_setting.setting_value_subscriber.class%">
            <argument type="service" id="form.factory" />
        </service>
        <service id="oru_setting.twig.extension.form" class="%oru_setting.twig.extension.form.class%">
            <argument type="service" id="twig.form.renderer" />
            <tag name="twig.extension" />
        </service>
        <service id="oru_setting.twig.extension.setting" class="%oru_setting.twig.extension.setting.class%">
            <tag name="twig.extension" />
            <argument type="service" id="oru_setting" />
        </service>
        <service id="oru_setting.registered_bundles" class="%oru_setting.registered_bundles.class%">
        </service>
        <service id="oru_setting.doctrine_load_listener" class="%oru_setting.doctrine_load_listener.class%">
            <argument type="service" id="oru_setting.registered_bundles" />
            <tag name="doctrine.event_listener" event="postLoad" method="postLoad" connection="default" />
        </service>
        <service id="oru_setting.dynamic_security" class="Oru\Bundle\SettingBundle\Security\DynamicSecurity">
            <argument type="service" id="security.authorization_checker" />
        </service>
        <service id="twig.extension.text" class="Twig_Extensions_Extension_Text">
            <tag name="twig.extension" />
        </service>
    </services>
</container>
