<?xml version="1.0" encoding="utf-8"?>
<doctrine-mapping xmlns="http://doctrine-project.org/schemas/orm/doctrine-mapping" xmlns:xsi="http://www.w3.org/2001/XMLSchema-instance" xsi:schemaLocation="http://doctrine-project.org/schemas/orm/doctrine-mapping http://doctrine-project.org/schemas/orm/doctrine-mapping.xsd"
                  xmlns:gedmo="http://gediminasm.org/schemas/orm/doctrine-extensions-mapping">
  <entity name="Oru\Bundle\BoxBundle\Entity\Orubox" repository-class="Oru\Bundle\BoxBundle\Entity\OruboxRepository" table="oru_box_orubox" >
    <id name="id" type="integer" column="id">
      <generator strategy="AUTO"/>
    </id>
    <field name="url" type="string" column="url" length="255"/>
    <field name="libelle" type="string" column="libelle" length="255"/>
    <field name="active" type="boolean" column="active"/>
    <field name="commentaire" type="string" column="commentaire" length="255" nullable="true" />
    <field name="maintenance" type="string" length="255" nullable="true" />
    <many-to-many target-entity="EtablissementInterface" field="etablissements">
      <join-table name="oru_box_asso_etablissement">
        <join-columns>
          <join-column name="orubox_id" />
        </join-columns>
        <inverse-join-columns>
          <join-column name="etablissement_id" />
        </inverse-join-columns>
      </join-table>
    </many-to-many>
    <one-to-many target-entity="Oru\Bundle\BoxBundle\Entity\Demande" mapped-by="orubox" field="demandes" />
    <field name="created" type="datetime">
      <gedmo:timestampable on="create" />
    </field>
    <field name="updated" type="datetime">
      <gedmo:timestampable on="update" />
    </field>
    <one-to-one target-entity="Oru\Bundle\OAuthBundle\Entity\Client" field="client">
        <cascade>
            <cascade-remove />
        </cascade>
    </one-to-one>
    <many-to-many field="typesDemandes" target-entity="TypeDemandeInterface" mapped-by="oruboxs">
        <order-by>
          <order-by-field name="libelle" direction="ASC" />
        </order-by>
    </many-to-many>
    <many-to-one target-entity="Oru\Bundle\BoxBundle\Entity\LstStatut" field="statut"></many-to-one>
    <field name="ssh" type="string" length="255" nullable="true"/>
    <field name="description" type="text" nullable="true"/>
    <field name="version" type="string" length="25" nullable="true"/>
    <field name="deleted" type="datetime" nullable="true" />
    <gedmo:soft-deleteable field-name="deleted" />
  </entity>
</doctrine-mapping>
