<pages xmlns="http://www.ror-paca.fr" xmlns:xsi="http://www.w3.org/2001/XMLSchema-instance" xsi:schemaLocation="http://www.ror-paca.fr ../../../../../../../../app/Resources/XmlSchema/pages.xsd">
    <page>
        <name>Télémédecine : Orubox</name>
        <route>orubox</route>
        <slug>telemedecine-orubox</slug>
        <credential>ORU_TELEMEDECINE_ADMIN</credential>
        <icon>icon-oru-docteur</icon>
        <short_description>Admin : Accès au suivi des OURBOX installées.</short_description>
    </page>
</pages>