<?xml version="1.0" encoding="UTF-8" ?>

<routes xmlns="http://symfony.com/schema/routing"
        xmlns:xsi="http://www.w3.org/2001/XMLSchema-instance"
        xsi:schemaLocation="http://symfony.com/schema/routing http://symfony.com/schema/routing/routing-1.0.xsd">

    <route id="oru_task" path="/">
        <default key="_controller">OruTaskBundle:Task:index</default>
    </route>
    <route id="oru_task_filter" path="/filter">
        <default key="_method">POST</default>
        <default key="_controller">OruTaskBundle:Task:filter</default>
    </route>
    <route id="oru_task_delete" path="/{id}">
        <requirement key="id">\d+</requirement>
        <requirement key="_method">DELETE</requirement>
        <default key="_controller">OruTaskBundle:Task:delete</default>
    </route>
    <route id="oru_task_show" path="/{id}">
        <requirement key="id">\d+</requirement>
        <default key="_controller">OruTaskBundle:Task:show</default>
    </route>
    <route id="oru_task_renew" path="/{id}/restart">
        <requirement key="id">\d+</requirement>
        <default key="_controller">OruTaskBundle:Task:renew</default>
    </route>
</routes>
