<?xml version="1.0" encoding="UTF-8" ?>

<routes xmlns="http://symfony.com/schema/routing"
        xmlns:xsi="http://www.w3.org/2001/XMLSchema-instance"
        xsi:schemaLocation="http://symfony.com/schema/routing http://symfony.com/schema/routing/routing-1.0.xsd">

    <route id="oru_plan_bleu" path="/">
        <default key="_controller">OruPlanBleuBundle:PlanBleu:index</default>
    </route>
    <route id="oru_plan_bleu_filter" path="/filter" methods="POST">
        <default key="_controller">OruPlanBleuBundle:PlanBleu:filter</default>
    </route>
    <route id="oru_plan_bleu_pre_new" path="/new">
        <default key="_controller">OruPlanBleuBundle:PlanBleu:preNew</default>
    </route>
    <route id="oru_plan_bleu_new" path="/{etablissement}/new">
        <requirement key="etablissement">\d+</requirement>
        <default key="_controller">OruPlanBleuBundle:PlanBleu:new</default>
    </route>
    <route id="oru_plan_bleu_create" path="/{etablissement}/create" methods="POST">
        <requirement key="etablissement">\d+</requirement>
        <default key="_controller">OruPlanBleuBundle:PlanBleu:create</default>
    </route>
    <route id="oru_plan_bleu_edit" path="/{id}/edit">
        <requirement key="id">\d+</requirement>
        <default key="_controller">OruPlanBleuBundle:PlanBleu:edit</default>
    </route>
    <route id="oru_plan_bleu_update" path="/{id}/update" methods="POST">
        <requirement key="id">\d+</requirement>
        <default key="_controller">OruPlanBleuBundle:PlanBleu:update</default>
    </route>
    <route id="oru_plan_bleu_delete" path="/{id}" methods="DELETE">
        <requirement key="id">\d+</requirement>
        <default key="_controller">OruPlanBleuBundle:PlanBleu:delete</default>
    </route>
    <route id="oru_plan_bleu_restaure" path="/{id}" methods="PUT">
        <requirement key="id">\d+</requirement>
        <default key="_controller">OruPlanBleuBundle:PlanBleu:restaure</default>
    </route>
    <route id="oru_plan_bleu_show" path="/{id}">
        <requirement key="id">\d+</requirement>
        <default key="_controller">OruPlanBleuBundle:PlanBleu:show</default>
    </route>
    <route id="oru_plan_bleu_access" path="/{etablissement}/access">
        <requirement key="etablissement">\d+</requirement>
        <default key="_controller">OruPlanBleuBundle:PlanBleu:access</default>
    </route>
    <route id="oru_plan_bleu_access_show" path="/{id}/accessShow">
        <requirement key="id">\d+</requirement>
        <default key="_controller">OruPlanBleuBundle:PlanBleu:accessShow</default>
    </route>

    <route id="oru_plan_bleu_failed" path="/failed">
        <default key="_controller">OruPlanBleuBundle:PlanBleu:failed</default>
    </route>
</routes>
