<?xml version="1.0" encoding="utf-8"?>
<doctrine-mapping xmlns="http://doctrine-project.org/schemas/orm/doctrine-mapping" xmlns:xsi="http://www.w3.org/2001/XMLSchema-instance" xsi:schemaLocation="http://doctrine-project.org/schemas/orm/doctrine-mapping http://doctrine-project.org/schemas/orm/doctrine-mapping.xsd"
                  xmlns:gedmo="http://gediminasm.org/schemas/orm/doctrine-extensions-mapping">
  <entity name="Oru\Bundle\FormBundle\Entity\Email" table="oru_form_email">
    <id name="id" type="integer" column="id">
      <generator/>
    </id>
    <field name="email" length="100" />
    <field name="confirmationToken" column="confirmation_token" />
    <field name="confirmation" type="boolean" nullable="true" />
    <field name="createdAt" column="created_at" type="datetime">
      <gedmo:timestampable on="create" />
    </field>
    <field name="updatedAt" column="updated_at" type="datetime">
      <gedmo:timestampable on="update" />
    </field>
    <unique-constraints>
      <unique-constraint columns="email" />
      <unique-constraint columns="confirmation_token" />
    </unique-constraints>
  </entity>
</doctrine-mapping>
