<?xml version="1.0" encoding="UTF-8" ?>

<routes xmlns="http://symfony.com/schema/routing"
        xmlns:xsi="http://www.w3.org/2001/XMLSchema-instance"
        xsi:schemaLocation="http://symfony.com/schema/routing http://symfony.com/schema/routing/routing-1.0.xsd">

    <route id="oru_carto" pattern="/carto">
        <default key="_controller">OruCartoBundle:Carto:index</default>
    </route>
    <route id="oru_carto_filter" pattern="/carto/filter">
        <default key="_controller">OruCartoBundle:Carto:filter</default>
    </route>
    <route id="oru_carto_interventions_smur" pattern="/carto/inter_smur">
        <default key="_controller">OruCartoBundle:Carto:getInterventionsSmur</default>
    </route>
    <route id="oru_carto_print" pattern="/carto/print">
        <default key="_controller">OruCartoBundle:Carto:print</default>
    </route>
    <route id="oru_carto_geocode" pattern="/geolocate/geocode">
        <default key="_controller">OruCartoBundle:Geolocate:geocode</default>
    </route>
    <route id="oru_carto_distance" pattern="/orderByDistance">
        <default key="_controller">OruCartoBundle:Carto:order</default>
    </route>
    <route id="oru_carto_get_asynchronous" pattern="carto/getAsynchronous">
        <default key="_controller">OruCartoBundle:Carto:getAsynchronous</default>
        <option key="expose">true</option>
    </route>
    <route id="oru_carto_get_by_adresse" pattern="carto/getByAdresse/{address_id}">
        <default key="_controller">OruCartoBundle:Geolocate:show</default>
        <option key="expose">true</option>
    </route>
</routes>
