<?xml version="1.0" encoding="UTF-8" ?>

<routes xmlns="http://symfony.com/schema/routing"
        xmlns:xsi="http://www.w3.org/2001/XMLSchema-instance"
        xsi:schemaLocation="http://symfony.com/schema/routing http://symfony.com/schema/routing/routing-1.0.xsd">

    <route id="oru_plan_bleu" pattern="/">
        <default key="_controller">OruPlanBleuBundle:PlanBleu:index</default>
    </route>
    <route id="oru_plan_bleu_filter" pattern="/filter">
        <default key="_method">POST</default>
        <default key="_controller">OruPlanBleuBundle:PlanBleu:filter</default>
    </route>
    <route id="oru_plan_bleu_pre_new" pattern="/new">
        <default key="_controller">OruPlanBleuBundle:PlanBleu:preNew</default>
    </route>
    <route id="oru_plan_bleu_new" pattern="/{etablissement}/new">
        <requirement key="etablissement">\d+</requirement>
        <default key="_controller">OruPlanBleuBundle:PlanBleu:new</default>
    </route>
    <route id="oru_plan_bleu_create" pattern="/{etablissement}/create">
        <requirement key="etablissement">\d+</requirement>
        <default key="_controller">OruPlanBleuBundle:PlanBleu:create</default>
        <default key="_method">POST</default>
    </route>
    <route id="oru_plan_bleu_edit" pattern="/{id}/edit">
        <requirement key="id">\d+</requirement>
        <default key="_controller">OruPlanBleuBundle:PlanBleu:edit</default>
    </route>
    <route id="oru_plan_bleu_update" pattern="/{id}/update">
        <requirement key="id">\d+</requirement>
        <default key="_controller">OruPlanBleuBundle:PlanBleu:update</default>
        <default key="_method">POST</default>
    </route>
    <route id="oru_plan_bleu_delete" pattern="/{id}">
        <requirement key="id">\d+</requirement>
        <default key="_controller">OruPlanBleuBundle:PlanBleu:delete</default>
        <requirement key="_method">DELETE</requirement>
    </route>
    <route id="oru_plan_bleu_restaure" pattern="/{id}">
        <requirement key="id">\d+</requirement>
        <default key="_controller">OruPlanBleuBundle:PlanBleu:restaure</default>
        <requirement key="_method">PUT</requirement>
    </route>
    <route id="oru_plan_bleu_show" pattern="/{id}">
        <requirement key="id">\d+</requirement>
        <default key="_controller">OruPlanBleuBundle:PlanBleu:show</default>
    </route>
    <route id="oru_plan_bleu_access" pattern="/{etablissement}/access">
        <requirement key="etablissement">\d+</requirement>
        <default key="_controller">OruPlanBleuBundle:PlanBleu:access</default>
    </route>
    <route id="oru_plan_bleu_access_show" pattern="/{id}/accessShow">
        <requirement key="id">\d+</requirement>
        <default key="_controller">OruPlanBleuBundle:PlanBleu:accessShow</default>
    </route>

    <route id="oru_plan_bleu_failed" pattern="/failed">
        <default key="_controller">OruPlanBleuBundle:PlanBleu:failed</default>
    </route>
</routes>
