<?xml version="1.0" encoding="utf-8"?>
<doctrine-mapping xmlns="http://doctrine-project.org/schemas/orm/doctrine-mapping" xmlns:xsi="http://www.w3.org/2001/XMLSchema-instance" xsi:schemaLocation="http://doctrine-project.org/schemas/orm/doctrine-mapping http://doctrine-project.org/schemas/orm/doctrine-mapping.xsd"
                  xmlns:gedmo="http://gediminasm.org/schemas/orm/doctrine-extensions-mapping" >
    <entity name="Oru\Bundle\VersionBundle\Entity\GitCommitBranch" table="oru_version_git_commit_branch">
        <id name="id" type="integer" column="id">
            <generator strategy="AUTO"/>
        </id>
        <field name="commitId" column="commit_id" type="string" length="40" />
        <field name="branch" type="string" length="20" />
        <unique-constraints>
            <unique-constraint columns="commit_id"></unique-constraint>
        </unique-constraints>
    </entity>
</doctrine-mapping>
