<?xml version="1.0" encoding="utf-8"?>
<doctrine-mapping xmlns="http://doctrine-project.org/schemas/orm/doctrine-mapping" xmlns:xsi="http://www.w3.org/2001/XMLSchema-instance" xsi:schemaLocation="http://doctrine-project.org/schemas/orm/doctrine-mapping http://doctrine-project.org/schemas/orm/doctrine-mapping.xsd"
                  xmlns:gedmo="http://gediminasm.org/schemas/orm/doctrine-extensions-mapping" >
    <entity name="Oru\Bundle\SmsBundle\Entity\Destinataire" table="oru_sms_destinataire">
        <id name="id" type="integer" column="id">
            <generator strategy="AUTO"/>
        </id>
        <field type="phone_number" name="telephone" />
        <field name="status" type="string" length="20" />
        <field name="code" type="string" length="20" nullable="true" />
        <many-to-one target-entity="Oru\Bundle\SmsBundle\Entity\Sms" field="sms" inversed-by="destinataires" />
    </entity>
</doctrine-mapping>
