<?xml version="1.0" ?>

<container xmlns="http://symfony.com/schema/dic/services"
    xmlns:xsi="http://www.w3.org/2001/XMLSchema-instance"
    xsi:schemaLocation="http://symfony.com/schema/dic/services http://symfony.com/schema/dic/services/services-1.0.xsd">

    <!-- src/Oru/AttachmentBundle/Resources/config/services.xml -->
    <parameters>
        <parameter key="oru_attachment.form.type.class">Oru\Bundle\AttachmentBundle\Form\AttachmentType</parameter>
        <parameter key="oru_attachment.attachment_file.validator.class">Oru\Bundle\AttachmentBundle\Validator\Constraint\AttachmentFileValidator</parameter>
        <parameter key="oru_attachment.attachment_image.validator.class">Oru\Bundle\AttachmentBundle\Validator\Constraint\AttachmentImageValidator</parameter>
    </parameters>

    <services>
        <service id="oru_attachment.context" class="Oru\Bundle\AttachmentBundle\Attachment\AttachmentTool">
            <argument type="service" id="doctrine.orm.entity_manager" />
        </service>

        <service id="oru_attachment.manager" class="Oru\Bundle\AttachmentBundle\Manager\AttachmentManager">
            <argument type="service" id="doctrine.orm.entity_manager" />
            <call method="setCacheDir">
                <argument>%kernel.cache_dir%/attachments</argument>
            </call>
        </service>

        <service id="oru_attachment.twig.extension" class="Oru\Bundle\AttachmentBundle\Twig\AttachmentExtension">
            <argument type="service" id="oru_attachment.context" />
            <tag name="twig.extension" />
        </service>

        <service id="oru_attachment.form.type" class="%oru_attachment.form.type.class%">
            <argument type="service" id="oru_attachment.context" />
            <tag name="form.type" alias="oru_attachment" />
        </service>

        <service id="oru_attachment.attachment_file.validator" class="%oru_attachment.attachment_file.validator.class%">
            <tag name="validator.constraint_validator" alias="attachment_file"/>
        </service>

        <service id="oru_attachment.attachment_image.validator" class="%oru_attachment.attachment_image.validator.class%">
            <tag name="validator.constraint_validator" alias="attachment_image"/>
        </service>
    </services>
</container>
