<?xml version="1.0" ?>

<container xmlns="http://symfony.com/schema/dic/services"
           xmlns:xsi="http://www.w3.org/2001/XMLSchema-instance"
           xsi:schemaLocation="http://symfony.com/schema/dic/services http://symfony.com/schema/dic/services/services-1.0.xsd">

    <services>
        <service id="oru_app.parameters" class="Symfony\Component\DependencyInjection\ParameterBag\ParameterBag" public="false">
            <factory service="service_container" method="getParameterBag" />
        </service>
        <service id="oru_app.parameter_visibility" class="Oru\Bundle\AppBundle\Util\ParameterVisibility">
            <argument type="service" id="oru_app.parameters" />
        </service>
        <service id="oru_app.mask_parameter_extension" class="Oru\Bundle\AppBundle\Twig\Extension\MaskParameter">
            <tag name="twig.extension" />
            <argument type="service" id="oru_app.parameter_visibility" />
        </service>
    </services>
</container>