<?xml version="1.0" ?>

<container xmlns="http://symfony.com/schema/dic/services"
           xmlns:xsi="http://www.w3.org/2001/XMLSchema-instance"
           xsi:schemaLocation="http://symfony.com/schema/dic/services http://symfony.com/schema/dic/services/services-1.0.xsd">

    <parameters>
        <parameter key="oru_webclient.proxy">%proxy%</parameter>
    </parameters>

    <services>
        <service id="oru_webclient.client_factory" class="Oru\Bundle\WebClientBundle\Factory\ClientProxyFactory" />
        <service id="oru_webclient.client" class="Oru\Bundle\WebClientBundle\Client\ProxyClient">
            <factory service="oru_webclient.client_factory" method="getClient" />
            <argument type="string">%oru_webclient.proxy%</argument>
        </service>
        <service id="oru_webclient.curl_resource" class="Oru\Bundle\WebClientBundle\Client\CurlResource">
            <factory service="oru_webclient.client_factory" method="getCurlResource" />
            <argument type="string">%oru_webclient.proxy%</argument>
        </service>
    </services>
</container>