<?xml version="1.0" encoding="UTF-8" ?>

<routes xmlns="http://symfony.com/schema/routing"
    xmlns:xsi="http://www.w3.org/2001/XMLSchema-instance"
    xsi:schemaLocation="http://symfony.com/schema/routing http://symfony.com/schema/routing/routing-1.0.xsd">

    <route id="otp_choose" path="/choose" methods="GET">
        <default key="_controller">OruOtpBundle:Otp:choose</default>
    </route>

    <route id="otp_send" path="/send" methods="POST">
        <default key="_controller">OruOtpBundle:Otp:send</default>
    </route>

    <route id="otp_check" path="/check" methods="GET|POST">
        <default key="_controller">OruOtpBundle:Otp:check</default>
    </route>

    <route id="otp_remove" path="/remove" methods="GET">
        <default key="_controller">OruOtpBundle:Otp:remove</default>
    </route>

</routes>
