<?xml version="1.0" ?>

<container xmlns="http://symfony.com/schema/dic/services"
           xmlns:xsi="http://www.w3.org/2001/XMLSchema-instance"
           xsi:schemaLocation="http://symfony.com/schema/dic/services http://symfony.com/schema/dic/services/services-1.0.xsd">

    <parameters>
        <parameter key="oru_schedule_termine.class">Oru\Bundle\ScheduleBundle\Form\Type\TermineType</parameter>
    </parameters>

    <services>
        <service id="oru_schedule_termine" class="%oru_schedule_termine.class%">
            <tag name="form.type" alias="oru_schedule_termine" />
        </service>
    </services>
</container>