<?xml version="1.0" encoding="UTF-8" ?>

<routes xmlns="http://symfony.com/schema/routing"
        xmlns:xsi="http://www.w3.org/2001/XMLSchema-instance"
        xsi:schemaLocation="http://symfony.com/schema/routing http://symfony.com/schema/routing/routing-1.0.xsd">

    <route id="lst_index" pattern="/{namespace}/">
        <default key="_controller">OruLstBundle:Lst:index</default>
    </route>

    <route id="lst" pattern="/{namespace}/{list}">
        <default key="_controller">OruLstBundle:Lst:lst</default>
    </route>

    <route id="lst_filter" pattern="/{namespace}/{list}/filter">
        <default key="_controller">OruLstBundle:Lst:filter</default>
    </route>

    <route id="lst_show" pattern="/{namespace}/{list}/{id}/show">
        <default key="_controller">OruLstBundle:Lst:show</default>
    </route>

    <route id="lst_new" pattern="/{namespace}/{list}/new">
        <default key="_controller">OruLstBundle:Lst:new</default>
    </route>

    <route id="lst_create" pattern="/{namespace}/{list}/create">
        <default key="_controller">OruLstBundle:Lst:create</default>
        <requirement key="_method">post</requirement>
    </route>

    <route id="lst_edit" pattern="/{namespace}/{list}/{id}/edit">
        <default key="_controller">OruLstBundle:Lst:edit</default>
    </route>

    <route id="lst_update" pattern="/{namespace}/{list}/{id}/update">
        <default key="_controller">OruLstBundle:Lst:update</default>
        <requirement key="_method">post|put</requirement>
    </route>

    <route id="lst_delete" pattern="/{namespace}/{list}/{id}/delete">
        <default key="_controller">OruLstBundle:Lst:delete</default>
        <requirement key="_method">post|delete</requirement>
    </route>

    <route id="lst_undelete" pattern="/{namespace}/{list}/{id}/undelete">
        <default key="_controller">OruLstBundle:Lst:undelete</default>
        <requirement key="_method">post</requirement>
    </route>

    <import resource="@OruLstBundle/Controller/LstRestController.php" type="rest" prefix="rest" />
</routes>