<?xml version="1.0" encoding="utf-8"?>
<doctrine-mapping xmlns="http://doctrine-project.org/schemas/orm/doctrine-mapping" xmlns:xsi="http://www.w3.org/2001/XMLSchema-instance" xsi:schemaLocation="http://doctrine-project.org/schemas/orm/doctrine-mapping http://doctrine-project.org/schemas/orm/doctrine-mapping.xsd">
    <entity name="Oru\Bundle\AddressBundle\Entity\LstCommune" table="oru_address_lst_commune"  repository-class="Oru\Bundle\AddressBundle\Entity\LstCommuneRepository">

        <unique-constraints>
            <unique-constraint columns="code" name="code" />
        </unique-constraints>
        <field name="oid" column="oid" type="string" length="255" nullable="true" />
        <field name="codeAsip" column="code_asip" type="string" length="255" nullable="true" />
        <field name="statut" type="string" nullable="true" />
        <field name="xChefLieu" type="integer" column="x_chef_lieu" nullable="true" />
        <field name="yChefLieu" type="integer"  column="y_chef_lieu" nullable="true" />
        <field name="latChefLieu" type="decimal" precision="9" scale="6" column="lat_chef_lieu" nullable="true" />
        <field name="longChefLieu" type="decimal" precision="9" scale="6" column="long_chef_lieu" nullable="true" />
        <field name="latCentroid" type="decimal" precision="9" scale="6" column="lat_centroid" nullable="true" />
        <field name="longCentroid" type="decimal" precision="9" scale="6" column="long_centroid" nullable="true" />
        <field name="xCentroid" type="integer"  column="x_centroid" nullable="true" />
        <field name="yCentroid" type="integer" column="y_centroid" nullable="true" />
        <field name="zMoyen" type="integer" column="z_moyen" nullable="true" />
        <field name="superficie" type="integer" nullable="true" />
        <field name="population" type="integer" nullable="true" />
        <field name="code_cant" type="integer" nullable="true" />
        <field name="code_arr" type="integer" nullable="true" />
        <one-to-many field="codePostal" target-entity="LstCodePostal" mapped-by="commune" />
        <many-to-one target-entity="LstDepartement" field="departement" />
        <one-to-many target-entity="LstQuartierIris" mapped-by="commune" field="quartiers" />
        <indexes>
            <index columns="libelle"></index>
        </indexes>
    </entity>
</doctrine-mapping>
