<?xml version="1.0" encoding="utf-8"?>
<doctrine-mapping xmlns="http://doctrine-project.org/schemas/orm/doctrine-mapping" xmlns:xsi="http://www.w3.org/2001/XMLSchema-instance" xsi:schemaLocation="http://doctrine-project.org/schemas/orm/doctrine-mapping http://doctrine-project.org/schemas/orm/doctrine-mapping.xsd">
    <entity name="Oru\Bundle\CartoBundle\Entity\GeoAddress" table="oru_address_geo">
        <id name="id" type="integer" column="id">
        </id>
        <field name="adr" type="string" column="adr" length="255" nullable="true"/>
        <field name="cp" type="string" column="cp" length="5" nullable="true"/>
        <field name="ville" type="string" column="ville" length="255" nullable="true"/>
        <field name="precision" type="float" column="precision" nullable="true"/>
        <field name="geocodeAdr" type="string" column="geocode_adr" length="255" nullable="true"/>
        <field name="geoAdrNum" type="string" column="geoadr_num" length="10" nullable="true"/>
        <field name="geoAdrVoie" type="string" column="geoadr_voie" length="255" nullable="true"/>
        <field name="geoAdrCp" type="string" column="geoadr_cp" length="10" nullable="true"/>
        <field name="geoAdrVille" type="string" column="geoadr_ville" length="255" nullable="true"/>
        <field name="geoAdrInsee" type="string" column="geoadr_insee" length="5" nullable="true"/>
        <field name="nivGeocodage" type="string" column="niv_geocodage" length="255" nullable="true"/>
        <field name="lng" type="float" column="lng" nullable="true"/>
        <field name="lat" type="float" column="lat" nullable="true"/>
        <field name="theGeom" type="geometry" column="the_geom" nullable="true"/>
    </entity>
</doctrine-mapping>
