<?xml version="1.0" encoding="utf-8"?>
<doctrine-mapping xmlns="http://doctrine-project.org/schemas/orm/doctrine-mapping" xmlns:xsi="http://www.w3.org/2001/XMLSchema-instance" xsi:schemaLocation="http://doctrine-project.org/schemas/orm/doctrine-mapping http://doctrine-project.org/schemas/orm/doctrine-mapping.xsd">
    <entity name="Oru\Bundle\CartoBundle\Entity\Commune" table="lst_commune_geo">
        <id name="id" type="integer" column="id">
            <generator strategy="SEQUENCE"/>
        </id>
        <field name="idGeofla" type="string" column="id_geofla" length="24" nullable="true"/>
        <field name="codeCom" type="string" column="code_com" length="3" nullable="true"/>
        <field name="inseeCom" type="string" column="insee_com" length="5" nullable="true"/>
        <field name="nomCom" type="string" column="nom_com" length="50" nullable="true"/>
        <field name="statut" type="string" column="statut" length="25" nullable="true"/>
        <field name="xChfLieu" type="integer" column="x_chf_lieu" nullable="true"/>
        <field name="yChfLieu" type="integer" column="y_chf_lieu" nullable="true"/>
        <field name="xCentroid" type="integer" column="x_centroid" nullable="true"/>
        <field name="yCentroid" type="integer" column="y_centroid" nullable="true"/>
        <field name="zMoyen" type="integer" column="z_moyen" nullable="true"/>
        <field name="superficie" type="integer" column="superficie" nullable="true"/>
        <field name="population" type="integer" column="population" nullable="true"/>
        <field name="codeCant" type="string" column="code_cant" length="2" nullable="true"/>
        <field name="codeArr" type="string" column="code_arr" length="1" nullable="true"/>
        <field name="codeDept" type="string" column="code_dept" length="3" nullable="true"/>
        <field name="nomDept" type="string" column="nom_dept" length="30" nullable="true"/>
        <field name="codeReg" type="string" column="code_reg" length="2" nullable="true"/>
        <field name="nomRegion" type="string" column="nom_reg" length="30" nullable="true"/>
        <field name="theGeom" type="geometry" column="the_geom" nullable="true"/>
    </entity>
</doctrine-mapping>
