<?xml version="1.0" ?>

<container xmlns="http://symfony.com/schema/dic/services"
           xmlns:xsi="http://www.w3.org/2001/XMLSchema-instance"
           xsi:schemaLocation="http://symfony.com/schema/dic/services http://symfony.com/schema/dic/services/services-1.0.xsd">

    <parameters>
        <parameter key="oru_version.manager.class">Oru\Bundle\VersionBundle\Manager\Manager</parameter>
        <parameter key="oru_version.git_manager.class">Oru\Bundle\VersionBundle\Manager\GitManager</parameter>
        <parameter key="oru_version.redmine_manager.class">Oru\Bundle\VersionBundle\Manager\RedmineManager</parameter>
    </parameters>

    <services>

        <service id="oru_version.cache_manager" class="Oru\Bundle\AppBundle\Cache\CacheManager" public="false">
            <factory class="Oru\Bundle\AppBundle\Cache\CacheFactory" method="createCacheManager" />
            <argument>%kernel.cache_dir%/version</argument>
            <argument>Oru\Bundle\AppBundle\Cache\Formatter\SerializedFormatter</argument>
            <argument>Oru\Bundle\AppBundle\Cache\Formatter\FilenameRawCreator</argument>
        </service>
        <service id="oru_version.manager" class="%oru_version.manager.class%">
            <argument type="service" id="doctrine.orm.entity_manager" />
            <argument type="service" id="oru_version.git_manager" />
            <argument type="service" id="event_dispatcher" />
            <argument type="service" id="oru_version.redmine_manager" />
            <argument type="service" id="oru_version.cache_manager" />
        </service>

        <service id="oru_version.git_manager" class="%oru_version.git_manager.class%">
            <argument type="service" id="kernel" />
            <argument type="service" id="doctrine.orm.entity_manager" />
        </service>

        <service id="oru_version.redmine_client" class="Oru\Bundle\WebClientBundle\Client\ProxyClient">
            <factory service="oru_webclient.client_factory" method="getRedmineClient" />
            <argument type="string">%oru_webclient.proxy%</argument>
            <argument type="string">%oru_version.redmine.url%</argument>
            <argument type="string">%oru_version.redmine.api_key%</argument>
            <argument type="string">%oru_version.redmine.url_locale%</argument>
        </service>
        <service id="oru_version.redmine_manager" class="%oru_version.redmine_manager.class%">
            <argument type="collection">
                <argument key="redmine_url">%oru_version.redmine.url%</argument>
            </argument>
            <argument type="service" id="oru_version.redmine_client" />
            <argument type="service" id="oru_setting" />
            <argument type="service" id="doctrine.orm.entity_manager" />
        </service>
    </services>
</container>
