<?xml version="1.0" encoding="UTF-8" ?>

<routes xmlns="http://symfony.com/schema/routing"
        xmlns:xsi="http://www.w3.org/2001/XMLSchema-instance"
        xsi:schemaLocation="http://symfony.com/schema/routing http://symfony.com/schema/routing/routing-1.0.xsd">

    <route id="oru_task_nagios" path="/state">
        <default key="_controller">OruTaskBundle:Nagios:state</default>
    </route>
    <route id="oru_task_stats" path="/view">
        <default key="_controller">OruTaskBundle:Nagios:view</default>
    </route>
</routes>
