<?xml version="1.0" ?>

<container xmlns="http://symfony.com/schema/dic/services"
           xmlns:xsi="http://www.w3.org/2001/XMLSchema-instance"
           xsi:schemaLocation="http://symfony.com/schema/dic/services http://symfony.com/schema/dic/services/services-1.0.xsd">

    <parameters>
        <parameter key="oru_design.twig_extension.class">Oru\Bundle\DesignBundle\Twig\Extension\TwigExtension</parameter>
        <parameter key="oru_design.alphabetic_helper.class">Oru\Bundle\DesignBundle\Helper\AlphabeticHelper</parameter>
    </parameters>

    <services>
        <service id="oru_design.twig_extension" class="%oru_design.twig_extension.class%">
            <tag name="twig.extension" />
        </service>

        <service id="oru_design.helper.alphabetic" class="%oru_design.alphabetic_helper.class%" />
    </services>

</container>
