<?xml version="1.0" ?>

<container xmlns="http://symfony.com/schema/dic/services"
           xmlns:xsi="http://www.w3.org/2001/XMLSchema-instance"
           xsi:schemaLocation="http://symfony.com/schema/dic/services http://symfony.com/schema/dic/services/services-1.0.xsd">
    <parameters>
        <parameter key="oru_esms.type.class">Oru\Bundle\EsmsBundle\Form\EsmsType</parameter>
    </parameters>

    <services>
        <service id="oru_esms.repository"
                 class="Oru\Bundle\EsmsBundle\Entity\EsmsRepository"
                 factory-service="doctrine.orm.entity_manager"
                 factory-method="getRepository">
            <argument>OruEsmsBundle:Esms</argument>
        </service>
        <service id="oru_esms.years_exists"
                 class="Oru\Bundle\EsmsBundle\Entity\EsmsRepository"
                 factory-service="oru_esms.repository"
                 factory-method="getYearsExists">
        </service>
        <service id="oru_esms.twig.extension.form" class="Oru\Bundle\EsmsBundle\Twig\Extension\FormExtension">
            <tag name="twig.extension" />
        </service>
        <service id="form.type.conseil_vie_sociale_true_false" class="Oru\Bundle\EsmsBundle\Form\Type\ConseilVieSocialeTrueFalseType">
            <tag name="form.type" alias="conseil_vie_sociale_true_false" />
        </service>
        <service id="oru_esms.difficulte.form.type" class="Oru\Bundle\EsmsBundle\Form\Type\DifficulteType">
            <tag name="form.type" alias="difficulte" />
        </service>
        <service id="oru_esms.frequence.form.type" class="Oru\Bundle\EsmsBundle\Form\Type\FrequenceType">
            <argument type="service" id="oru_esms.choice_provider" />
            <tag name="form.type" alias="frequence" />
        </service>
        <service id="oru_esms.personnes.form.type" class="Oru\Bundle\EsmsBundle\Form\Type\PersonnesType">
            <argument type="service" id="oru_esms.choice_provider" />
            <tag name="form.type" alias="personnes" />
        </service>
        <service id="oru_esms.choice_provider" class="Oru\Bundle\EsmsBundle\Choice\ChoiceProvider">
            <argument type="service" id="translator" />
        </service>
        <service id="oru_esms.esms_provider" class="Oru\Bundle\EsmsBundle\Provider\EsmsProvider">
            <argument type="service" id="doctrine.orm.default_entity_manager" />
            <argument type="service" id="oru_setting" />
        </service>
        <service id="oru_esms.statut" class="Oru\Bundle\EsmsBundle\Form\Type\EsmsStatutType">
            <tag name="form.type" alias="esms_statut" />
        </service>
        <service id="oru_esms.annee" class="Oru\Bundle\EsmsBundle\Form\Type\AnneeType">
            <tag name="form.type" alias="esms_annee" />
            <argument type="service" id="oru_esms.years_exists" />
        </service>

        <service id="oru_esms.esms_voter" class="Oru\Bundle\EsmsBundle\Voter\EsmsVoter" public="false">
            <argument type="service" id="logger" />
            <argument type="service" id="oru_setting" />
            <tag name="security.voter" />
        </service>

        <service id="oru_esms.form_export.subscriber" class="Oru\Bundle\EsmsBundle\Subscriber\FormExportSubscriber">
            <argument type="service" id="oru_formexport.choice_display" on-invalid="ignore" />
            <tag name="kernel.event_subscriber" />
        </service>
        <service id="oru_esms.export" parent="oru_formexport.csv_export">
            <call method="setFormName">
                <argument>oru_esms</argument>
            </call>
        </service>
    </services>
</container>