<?xml version="1.0" ?>

<container xmlns="http://symfony.com/schema/dic/services"
           xmlns:xsi="http://www.w3.org/2001/XMLSchema-instance"
           xsi:schemaLocation="http://symfony.com/schema/dic/services http://symfony.com/schema/dic/services/services-1.0.xsd">

    <parameters>
        <parameter key="oru_install.twig_extension.class">Oru\Bundle\InstallBundle\Twig\Extension\TwigExtension</parameter>
    </parameters>

    <services>
        <service id="oru_install.twig_extension" class="%oru_install.twig_extension.class%">
            <call method="setDriverFactory">
                <argument type="service" id="lexik_maintenance.driver.factory" />
            </call>
            <tag name="twig.extension" />
        </service>
    </services>

</container>
