<?xml version="1.0" encoding="utf-8"?>
<doctrine-mapping xmlns="http://doctrine-project.org/schemas/orm/doctrine-mapping" xmlns:xsi="http://www.w3.org/2001/XMLSchema-instance" xsi:schemaLocation="http://doctrine-project.org/schemas/orm/doctrine-mapping http://doctrine-project.org/schemas/orm/doctrine-mapping.xsd">
    <entity name="Oru\Bundle\AddressBundle\Entity\Import" table="oru_address_import" repository-class="Oru\Bundle\AddressBundle\Entity\ImportRepository">
        <id name="id" type="integer" column="id">
            <generator strategy="AUTO"/>
        </id>
        <field name="createdAt" type="datetime" column="created_at" />
        <field name="hash" type="text" />
        <field name="fileName" type="text" />
    </entity>
</doctrine-mapping>
