<?xml version="1.0" encoding="UTF-8" ?>

<routes xmlns="http://symfony.com/schema/routing"
    xmlns:xsi="http://www.w3.org/2001/XMLSchema-instance"
    xsi:schemaLocation="http://symfony.com/schema/routing http://symfony.com/schema/routing/routing-1.0.xsd">

    <route id="session" path="/">
        <default key="_controller">OruBigBlueButtonBundle:Session:index</default>
    </route>

    <route id="session_filter" path="/filter">
        <default key="_controller">OruBigBlueButtonBundle:Session:filter</default>
    </route>

    <route id="session_show" path="/{id}/show">
        <default key="_controller">OruBigBlueButtonBundle:Session:show</default>
    </route>

    <route id="session_new" path="/new">
        <default key="_controller">OruBigBlueButtonBundle:Session:new</default>
    </route>

    <route id="session_create" path="/create">
        <default key="_controller">OruBigBlueButtonBundle:Session:create</default>
    </route>

    <route id="session_join" path="/{id}/join" methods="POST|PUT">
        <default key="_controller">OruBigBlueButtonBundle:Session:join</default>
    </route>

    <route id="session_download" path="/{id}/download">
        <default key="_controller">OruBigBlueButtonBundle:Session:download</default>
    </route>

    <route id="session_running" path="/{id}/running">
        <default key="_controller">OruBigBlueButtonBundle:Session:running</default>
    </route>

</routes>
