<?xml version="1.0" encoding="UTF-8" ?>
        <pages xmlns="http://www.ror-paca.fr"
               xmlns:xsi="http://www.w3.org/2001/XMLSchema-instance"
               xsi:schemaLocation="http://www.ror-paca.fr ../../../../../../app/Resources/XmlSchema/pages.xsd">
    <page>
        <name>Gestion des paramètres - liste</name>
        <route>oru_setting</route>
        <slug>oru_setting</slug>
        <credential>ROLE_SETTING</credential>
        <short_description>Admin : Accès à la liste des paramètres sur le Portail (ex : date de clôture pour un questionnaire)</short_description>
    </page>
    <page>
        <name>Gestion des paramètres -créer</name>
        <route>oru_setting_new</route>
        <slug>oru_setting_new</slug>
        <credential>ROLE_SETTING_ADMIN</credential>
        <short_description>Admin : Accès à la création de nouveaux paramétres sur le Portail.</short_description>
    </page>
</pages>