<?xml version="1.0" ?>

<container xmlns="http://symfony.com/schema/dic/services"
    xmlns:xsi="http://www.w3.org/2001/XMLSchema-instance"
    xsi:schemaLocation="http://symfony.com/schema/dic/services http://symfony.com/schema/dic/services/services-1.0.xsd">

    <parameters>
        <parameter key="oru_patient.form.patient.class">Oru\Bundle\PatientBundle\Form\PatientType</parameter>
        <parameter key="oru_patient.patient_factory.class">Oru\Bundle\PatientBundle\Factory\PatientFactory</parameter>
        <parameter key="oru_patient.form.patient_autocomplete.class">Oru\Bundle\PatientBundle\Form\Type\PatientAutocompleteType</parameter>
    </parameters>

    <services>
        <service id="oru_patient.form.patient" class="%oru_patient.form.patient.class%">
            <tag name="form.type" alias="patient" />
        </service>

        <service id="oru_patient.patient_factory" class="%oru_patient.patient_factory.class%">
            <argument id="doctrine.orm.entity_manager" type="service" />
        </service>

        <service id="oru_patient.form.patient_autocomplete" class="%oru_patient.form.patient_autocomplete.class%">
            <tag name="form.type" alias="oru_patient_autocomplete" />
        </service>
    </services>
</container>
