<pages xmlns="http://www.ror-paca.fr" xmlns:xsi="http://www.w3.org/2001/XMLSchema-instance" xsi:schemaLocation="http://www.ror-paca.fr ../../../../../../../../app/Resources/XmlSchema/pages.xsd">
    <page>
        <name>Emails</name>
        <route>oru_email</route>
        <slug>oru-mail-email</slug>
        <credential>ORU_MAIL</credential>
        <icon>icon-oru-mail</icon>
        <short_description>Admin : Consultation et vérification de tous les mails envoyés aux utilisateurs.</short_description>
    </page>
</pages>